customerID,Churn_Probability,Risk_Level,Contract,MonthlyCharges
5178-LMXOP,0.9604877,High Risk,Month-to-month,95.1
6857-VWJDT,0.9581222,High Risk,Month-to-month,95.65
1069-XAIEM,0.9578465,High Risk,Month-to-month,85.05
8375-DKEBR,0.9530955,High Risk,Month-to-month,69.6
3722-WPXTK,0.9497627,High Risk,Month-to-month,88.35
5539-TMZLF,0.94581187,High Risk,Month-to-month,69.75
6521-YYTYI,0.9456915,High Risk,Month-to-month,93.3
0970-ETWGE,0.94524074,High Risk,Month-to-month,89.55
2609-IAICY,0.9444577,High Risk,Month-to-month,77.15
0679-IDSTG,0.9438257,High Risk,Month-to-month,69.25
6372-RFVNS,0.9435788,High Risk,Month-to-month,78.8
2867-UIMSS,0.94316703,High Risk,Month-to-month,80.5
1448-PWKYE,0.9429351,High Risk,Month-to-month,80.0
6861-XWTWQ,0.9421055,High Risk,Month-to-month,99.25
7409-KIUTL,0.94104874,High Risk,Month-to-month,71.0
7180-PISOG,0.94076526,High Risk,Month-to-month,74.5
6910-HADCM,0.940611,High Risk,Month-to-month,76.35
0655-RBDUG,0.93943816,High Risk,Month-to-month,98.05
4415-IJZTP,0.9390347,High Risk,Month-to-month,74.5
9940-RHLFB,0.93852544,High Risk,Month-to-month,75.3
1853-UDXBW,0.9370915,High Risk,Month-to-month,70.0
8821-XNHVZ,0.9370345,High Risk,Month-to-month,80.05
3006-XIMLN,0.9361244,High Risk,Month-to-month,94.2
0235-KGSLC,0.9359289,High Risk,Month-to-month,85.55
1820-TQVEV,0.9357015,High Risk,Month-to-month,69.55
9804-ICWBG,0.9355754,High Risk,Month-to-month,69.9
7465-ZZRVX,0.9355754,High Risk,Month-to-month,70.35
3244-DCJWY,0.9355754,High Risk,Month-to-month,70.25
5542-TBBWB,0.9355754,High Risk,Month-to-month,69.9
1640-PLFMP,0.9355754,High Risk,Month-to-month,70.25
5376-DEQCP,0.9355754,High Risk,Month-to-month,70.6
7398-SKNQZ,0.9289581,High Risk,Month-to-month,94.9
9057-SIHCH,0.92863995,High Risk,Month-to-month,96.6
4060-LDNLU,0.9278858,High Risk,Month-to-month,96.2
4713-LZDRV,0.9272717,High Risk,Month-to-month,79.6
9507-EXLTT,0.9264632,High Risk,Month-to-month,79.35
2034-GDRCN,0.9256793,High Risk,Month-to-month,90.4
5167-ZFFMM,0.92455786,High Risk,Month-to-month,90.85
0390-DCFDQ,0.9227533,High Risk,Month-to-month,70.45
3716-BDVDB,0.9220664,High Risk,Month-to-month,69.1
3319-DWOEP,0.9219704,High Risk,Month-to-month,95.75
0616-ATFGB,0.9210093,High Risk,Month-to-month,25.05
9565-DJPIB,0.9209248,High Risk,Month-to-month,89.6
5419-CONWX,0.9209029,High Risk,Month-to-month,99.8
5186-SAMNZ,0.9206781,High Risk,Month-to-month,69.5
5052-PNLOS,0.91925234,High Risk,Month-to-month,105.35
3707-GNWHM,0.9190813,High Risk,Month-to-month,74.25
1768-ZAIFU,0.9186052,High Risk,Month-to-month,25.2
1746-TGTWV,0.9174117,High Risk,Month-to-month,75.35
2856-HYAPG,0.9158504,High Risk,Month-to-month,68.65
8380-PEFPE,0.9158115,High Risk,Month-to-month,71.65
2865-TCHJW,0.915014,High Risk,Month-to-month,89.2
9050-IKDZA,0.9135218,High Risk,Month-to-month,81.5
3296-SILRA,0.9126349,High Risk,Month-to-month,76.4
2984-AFWNC,0.91226494,High Risk,Month-to-month,95.4
9878-TNQGW,0.9122165,High Risk,Month-to-month,80.95
8593-WHYHV,0.9122165,High Risk,Month-to-month,85.3
1143-NMNQJ,0.9122165,High Risk,Month-to-month,85.7
5196-SGOAK,0.91201925,High Risk,Month-to-month,75.7
2737-YNGYW,0.91013354,High Risk,Month-to-month,80.55
1062-LHZOD,0.90935963,High Risk,Month-to-month,69.9
4234-XTNEA,0.90842026,High Risk,Month-to-month,79.95
3841-CONLJ,0.90820843,High Risk,Month-to-month,35.0
3519-ZKXGG,0.9081797,High Risk,Month-to-month,75.85
4445-ZJNMU,0.908122,High Risk,Month-to-month,99.3
4078-SAYYN,0.9074817,High Risk,Month-to-month,100.75
4750-ZRXIU,0.9055805,High Risk,Month-to-month,84.6
5150-ITWWB,0.9055588,High Risk,Month-to-month,94.85
0841-NULXI,0.90545475,High Risk,Month-to-month,35.55
7209-JCUDS,0.90488315,High Risk,Month-to-month,94.9
3177-LASXD,0.90415597,High Risk,Month-to-month,71.35
0187-QSXOE,0.9030362,High Risk,Month-to-month,89.0
2123-AGEEN,0.9022577,High Risk,Month-to-month,84.35
3916-NRPAP,0.9022367,High Risk,Month-to-month,85.7
6969-MVBAI,0.9013255,High Risk,Month-to-month,90.1
4706-DGAHW,0.90096223,High Risk,Month-to-month,45.2
5698-BQJOH,0.89912367,High Risk,Month-to-month,94.4
7181-BQYBV,0.8990595,High Risk,Month-to-month,102.45
6023-YEBUP,0.8967927,High Risk,Month-to-month,100.95
5956-YHHRX,0.8958231,High Risk,Month-to-month,104.35
6137-NICCO,0.8954956,High Risk,Month-to-month,94.05
1200-TUZHR,0.89528286,High Risk,Month-to-month,85.2
3908-BLSYF,0.89511484,High Risk,Month-to-month,83.9
8258-GSTJK,0.89462644,High Risk,Month-to-month,77.0
9611-CTWIH,0.8944063,High Risk,Month-to-month,89.45
3097-NQYSN,0.8906948,High Risk,Month-to-month,86.85
8622-ZLFKO,0.8899025,High Risk,Month-to-month,90.75
0258-NOKBL,0.8877821,High Risk,Month-to-month,90.4
6328-ZPBGN,0.8872518,High Risk,Month-to-month,95.15
9907-SWKKF,0.8867405,High Risk,Month-to-month,25.05
5159-YFPKQ,0.88567513,High Risk,Month-to-month,75.8
4115-NZRKS,0.8854825,High Risk,Month-to-month,89.15
6979-ZNSFF,0.8840787,High Risk,Month-to-month,87.05
8245-UMPYT,0.88332623,High Risk,Month-to-month,96.4
4587-VVTOX,0.88095,High Risk,Month-to-month,105.3
5357-TZHPP,0.8809324,High Risk,Month-to-month,84.4
3877-JRJIP,0.8808183,High Risk,Month-to-month,59.85
3191-CSNMG,0.8790526,High Risk,Month-to-month,80.7
7273-TEFQD,0.8789127,High Risk,Month-to-month,41.15
9747-DDZOS,0.8788126,High Risk,Month-to-month,73.5
9822-OAOVB,0.8779137,High Risk,Month-to-month,55.45
3891-PUQOD,0.8775834,High Risk,Month-to-month,59.2
6376-GAHQE,0.8774196,High Risk,Month-to-month,77.85
9221-OTIVJ,0.8768608,High Risk,Month-to-month,104.85
2761-OCIAX,0.87683696,High Risk,Month-to-month,74.7
3677-IYRBF,0.8750049,High Risk,Month-to-month,30.4
2135-DQWAQ,0.87435573,High Risk,Month-to-month,85.3
8040-MNRTF,0.8743151,High Risk,Month-to-month,71.1
6198-ZFIOJ,0.8734354,High Risk,Month-to-month,75.6
4112-LUEIZ,0.8721373,High Risk,Month-to-month,89.5
0923-PNFUB,0.8721055,High Risk,Month-to-month,83.75
2952-QAYZF,0.8715176,High Risk,Month-to-month,85.3
2959-MJHIC,0.8708979,High Risk,Month-to-month,80.35
8720-RQSBJ,0.8705895,High Risk,Month-to-month,44.0
8443-ZRDBZ,0.8705728,High Risk,Month-to-month,76.05
4749-OJKQU,0.8705728,High Risk,Month-to-month,75.65
2919-HBCJO,0.8703671,High Risk,Month-to-month,76.65
4706-AXVKM,0.86936456,High Risk,Month-to-month,84.8
6435-SRWBJ,0.86930275,High Risk,Month-to-month,82.75
7005-CCBKV,0.86766815,High Risk,Month-to-month,84.4
7130-VTEWQ,0.8676522,High Risk,Month-to-month,75.75
4633-MKHYU,0.86664474,High Risk,Month-to-month,88.4
6892-XPFPU,0.86644477,High Risk,Month-to-month,104.25
1320-HTRDR,0.866377,High Risk,Month-to-month,75.5
6833-JMZYP,0.8658033,High Risk,Month-to-month,94.0
7198-GLXTC,0.8657843,High Risk,Month-to-month,79.0
4813-HQMGZ,0.8652457,High Risk,Month-to-month,90.25
7044-YAACC,0.86517334,High Risk,Month-to-month,70.2
6956-SMUCM,0.86500686,High Risk,Month-to-month,99.0
9227-LUNBG,0.86459047,High Risk,Month-to-month,24.6
2077-MPJQO,0.86367875,High Risk,Month-to-month,75.4
7249-WBIYX,0.8631653,High Risk,Month-to-month,85.6
1024-GUALD,0.86107385,High Risk,Month-to-month,24.8
0952-KMEEH,0.860261,High Risk,Month-to-month,98.15
2027-FECZV,0.86006284,High Risk,Month-to-month,106.7
1731-TVIUK,0.8591266,High Risk,Month-to-month,93.5
3727-RJMEO,0.858432,High Risk,Month-to-month,82.85
2674-MIAHT,0.85751134,High Risk,Month-to-month,80.3
5129-JLPIS,0.8567863,High Risk,Month-to-month,105.5
1112-CUNAO,0.8546644,High Risk,Month-to-month,89.85
5442-BHQNG,0.8539203,High Risk,Month-to-month,70.35
0876-WDUUZ,0.85338956,High Risk,Month-to-month,85.4
0365-BZUWY,0.85277927,High Risk,Month-to-month,102.55
2055-PDADH,0.85243356,High Risk,Month-to-month,70.4
4229-CZMLL,0.8523223,High Risk,Month-to-month,74.9
9402-ORRAH,0.8517793,High Risk,Month-to-month,91.5
8325-QRPZR,0.8512037,High Risk,Month-to-month,75.15
2025-JKFWI,0.84834665,High Risk,Month-to-month,99.0
5288-AHOUP,0.8473688,High Risk,Month-to-month,78.5
8266-VBFQL,0.8451343,High Risk,Month-to-month,90.4
0315-LVCRK,0.84463847,High Risk,Month-to-month,84.8
4128-ETESU,0.843537,High Risk,Month-to-month,99.7
6608-QQLVK,0.8435314,High Risk,Month-to-month,50.5
4735-ASGMA,0.8398514,High Risk,Month-to-month,98.35
7668-XCFYV,0.8395273,High Risk,Month-to-month,92.55
6680-WKXRZ,0.8386025,High Risk,Month-to-month,74.4
7571-YXDAD,0.8386025,High Risk,Month-to-month,74.9
4727-MCYZG,0.8382024,High Risk,Month-to-month,55.55
2485-ITVKB,0.8370498,High Risk,Month-to-month,35.1
4854-CIDCF,0.83529466,High Risk,Month-to-month,73.85
4631-OACRM,0.83509403,High Risk,Month-to-month,79.4
1236-WFCDV,0.8341729,High Risk,Month-to-month,90.45
3063-QFSZL,0.83400077,High Risk,Month-to-month,55.4
3721-CNEYS,0.83264065,High Risk,Month-to-month,70.95
9692-TUSXH,0.83217114,High Risk,Month-to-month,96.05
6000-APYLU,0.8307362,High Risk,Month-to-month,80.8
9685-WKZGT,0.8303333,High Risk,Month-to-month,74.95
0004-TLHLJ,0.8297979,High Risk,Month-to-month,73.9
7952-OBOYL,0.829657,High Risk,Month-to-month,89.85
7861-UVUFT,0.82844436,High Risk,Month-to-month,84.3
4342-HENTK,0.8273783,High Risk,Month-to-month,70.65
3030-YDNRM,0.82508194,High Risk,Month-to-month,74.85
8107-KNCIM,0.82393765,High Risk,Month-to-month,75.1
5928-QLDHB,0.8236766,High Risk,Month-to-month,76.25
3627-FHKBK,0.82214755,High Risk,Month-to-month,75.3
3374-LXDEV,0.82128483,High Risk,Month-to-month,89.4
0330-IVZHA,0.820679,High Risk,Month-to-month,69.95
0928-JMXNP,0.81980073,High Risk,Month-to-month,29.9
2985-FMWYF,0.8175919,High Risk,Month-to-month,93.5
9840-DVNDC,0.81755537,High Risk,Month-to-month,80.5
2495-INZWQ,0.816556,High Risk,Month-to-month,44.55
8699-ASUFO,0.81559944,High Risk,Month-to-month,74.4
6338-AVWCY,0.8141125,High Risk,Month-to-month,40.15
0576-WNXXC,0.81391954,High Risk,Month-to-month,95.55
0018-NYROU,0.8125945,High Risk,Month-to-month,68.95
9895-VFOXH,0.81175053,High Risk,Month-to-month,24.4
8938-UMKPI,0.8096244,High Risk,Month-to-month,106.4
0491-KAPQG,0.8094707,High Risk,Month-to-month,73.7
8397-MVTAZ,0.8074668,High Risk,Month-to-month,100.05
2845-HSJCY,0.8071922,High Risk,Month-to-month,87.25
3317-VLGQT,0.8070849,High Risk,Month-to-month,78.1
9208-OLGAQ,0.80692977,High Risk,Month-to-month,84.95
7912-SYRQT,0.806168,High Risk,Month-to-month,75.1
4998-IKFSE,0.8055733,High Risk,Month-to-month,100.45
6651-AZVTJ,0.8042448,High Risk,Month-to-month,99.8
7250-EQKIY,0.8023928,High Risk,Month-to-month,50.45
6158-HDPXZ,0.8020434,High Risk,Month-to-month,25.35
3672-YITQD,0.80201393,High Risk,Month-to-month,84.1
5759-RCVCB,0.8019957,High Risk,Month-to-month,35.2
7072-MBHEV,0.8017565,High Risk,Month-to-month,78.1
8739-WWKDU,0.8012205,High Risk,Month-to-month,89.5
7056-IMHCC,0.80042344,High Risk,Month-to-month,101.9
7495-OOKFY,0.7998272,High Risk,Month-to-month,80.65
6646-VRFOL,0.79900444,High Risk,Month-to-month,103.85
2897-DOVND,0.79883534,High Risk,Month-to-month,69.8
3496-LFSZU,0.79883534,High Risk,Month-to-month,70.5
6712-OAWRH,0.79857856,High Risk,Month-to-month,91.25
0506-LVNGN,0.797627,High Risk,Month-to-month,75.55
6212-ATMLK,0.7968676,High Risk,Month-to-month,95.7
2386-LAHRK,0.7966835,High Risk,Month-to-month,53.5
2103-ZRXFN,0.7966835,High Risk,Month-to-month,50.75
3966-HRMZA,0.7964943,High Risk,Month-to-month,75.05
4237-RLAQD,0.7962389,High Risk,Month-to-month,45.85
7754-IXRMC,0.7962389,High Risk,Month-to-month,45.35
5692-FPTAH,0.7962389,High Risk,Month-to-month,45.4
5339-PXDVH,0.79605514,High Risk,Month-to-month,90.65
8280-MQRQN,0.79524475,High Risk,Month-to-month,50.45
6047-YHPVI,0.7950413,High Risk,Month-to-month,69.7
4873-ILOLJ,0.7947129,High Risk,Month-to-month,90.35
7312-XSBAT,0.7945444,High Risk,Month-to-month,49.75
8993-PHFWD,0.79357386,High Risk,Month-to-month,25.25
2955-BJZHG,0.7934194,High Risk,Month-to-month,80.85
1666-JXLKU,0.7925191,High Risk,Month-to-month,100.05
4919-IKATY,0.79205614,High Risk,Month-to-month,84.5
8212-DJRCH,0.7918486,High Risk,Month-to-month,90.35
3926-CUQZX,0.7910048,High Risk,Month-to-month,45.1
5712-PTIWW,0.7885347,High Risk,Month-to-month,79.85
3223-DWFIO,0.788429,High Risk,Month-to-month,69.35
1522-VVDMG,0.78825307,High Risk,Month-to-month,89.75
4283-FUTGF,0.7879423,High Risk,Month-to-month,79.85
4817-VYYWS,0.7859953,High Risk,Month-to-month,100.2
3439-GVUSX,0.7846158,High Risk,Month-to-month,24.4
5103-MHMHY,0.7846041,High Risk,Month-to-month,45.95
1867-BDVFH,0.78432953,High Risk,Month-to-month,74.35
0685-MLYYM,0.7840364,High Risk,Month-to-month,70.75
5228-EXCET,0.78394455,High Risk,Month-to-month,80.85
3318-OSATS,0.78388864,High Risk,Month-to-month,95.45
9121-PHQSR,0.7838767,High Risk,Month-to-month,85.05
2824-MYYBN,0.7833225,High Risk,Month-to-month,95.25
3352-ALMCK,0.78323334,High Risk,Month-to-month,102.65
7252-NTGSS,0.7831569,High Risk,Month-to-month,45.15
6319-IEJWJ,0.78054523,High Risk,Month-to-month,90.2
4317-VTEOA,0.77917475,High Risk,Month-to-month,50.75
8445-DNBAE,0.7787712,High Risk,Month-to-month,50.05
6518-LGAOV,0.77803415,High Risk,Month-to-month,105.0
1587-FKLZB,0.7771345,High Risk,Month-to-month,99.5
3750-CKVKH,0.77657974,High Risk,Month-to-month,67.75
6661-HBGWL,0.77652353,High Risk,Month-to-month,104.75
2057-ZBLPD,0.7743355,High Risk,Month-to-month,86.5
3679-XASPY,0.7723448,High Risk,Month-to-month,19.45
4678-DVQEO,0.7717967,High Risk,Month-to-month,52.2
0447-RXSGD,0.7717548,High Risk,Month-to-month,99.65
7881-EVUAD,0.77134866,High Risk,Month-to-month,42.6
2043-WVTQJ,0.77124065,High Risk,Month-to-month,55.7
8393-DLHGA,0.77011377,High Risk,Month-to-month,95.9
1766-GKNMI,0.7697704,High Risk,Month-to-month,84.9
1894-IGFSG,0.7696253,High Risk,Month-to-month,89.25
3211-AAPKX,0.76958084,High Risk,Month-to-month,98.55
8083-YTZES,0.76937604,High Risk,Month-to-month,74.35
8429-XIBUM,0.7691244,High Risk,Month-to-month,101.35
0168-XZKBB,0.7686204,High Risk,Month-to-month,86.85
5091-HFAZW,0.7684553,High Risk,Month-to-month,91.15
3197-ARFOY,0.76797205,High Risk,Month-to-month,105.0
9389-ACWBI,0.76730955,High Risk,Month-to-month,69.95
8676-TRMJS,0.76607215,High Risk,Month-to-month,75.0
8709-KRDVL,0.7656355,High Risk,Month-to-month,100.0
9279-CJEOJ,0.76561224,High Risk,Month-to-month,95.4
5022-JNQEQ,0.76518303,High Risk,Month-to-month,75.85
8696-JKZNU,0.76443017,High Risk,Month-to-month,76.25
4846-WHAFZ,0.76443017,High Risk,Month-to-month,76.5
7587-RZNME,0.76416254,High Risk,Month-to-month,43.3
9112-WSNPU,0.76405007,High Risk,Month-to-month,70.55
5600-KTXFM,0.76389784,High Risk,Month-to-month,69.95
6557-BZXLQ,0.7628573,High Risk,Month-to-month,69.65
8621-MNIHH,0.762278,High Risk,Month-to-month,94.25
5207-PLSTK,0.76216686,High Risk,Month-to-month,48.75
5364-EVNIB,0.76214427,High Risk,Month-to-month,79.8
0886-QGENL,0.76208466,High Risk,Month-to-month,101.25
0524-IAVZO,0.7616304,High Risk,Month-to-month,85.0
5889-JTMUL,0.7592108,High Risk,Month-to-month,95.05
8819-IMISP,0.75896263,High Risk,Month-to-month,80.45
4208-UFFGW,0.7575833,High Risk,Month-to-month,44.95
4059-IIEBK,0.7564454,High Risk,Month-to-month,78.55
8849-AYPTR,0.7557329,High Risk,Month-to-month,91.25
5222-IMUKT,0.7557329,High Risk,Month-to-month,91.05
5630-IXDXV,0.7553916,High Risk,Month-to-month,106.35
2582-FFFZR,0.7543911,High Risk,Month-to-month,50.6
1212-GLHMD,0.75423616,High Risk,Month-to-month,86.05
0979-PHULV,0.75419927,High Risk,Month-to-month,99.45
6856-RAURS,0.75281245,High Risk,Month-to-month,74.9
6770-XUAGN,0.7527725,High Risk,Month-to-month,21.0
8695-ARGXZ,0.75207764,High Risk,Month-to-month,75.55
5899-OUVKV,0.75132036,High Risk,Month-to-month,94.5
7663-RGWBC,0.7506589,High Risk,Month-to-month,44.15
6317-YPKDH,0.75041324,High Risk,Month-to-month,29.95
1845-ZLLIG,0.7497615,High Risk,Month-to-month,50.15
3768-NLUBH,0.7492725,High Risk,Month-to-month,100.6
5351-QESIO,0.74893135,High Risk,Month-to-month,24.2
1902-XBTFB,0.7485037,High Risk,Month-to-month,89.4
3807-XHCJH,0.74717754,High Risk,Month-to-month,20.0
8914-RBTSB,0.7447336,High Risk,Month-to-month,93.8
4154-AQUGT,0.7436687,High Risk,Month-to-month,89.05
6022-UGGSO,0.74357444,High Risk,Month-to-month,74.4
7617-EYGLW,0.7407299,High Risk,Month-to-month,19.45
9465-RWMXL,0.7401513,High Risk,Month-to-month,78.9
5204-QZXPU,0.7397223,High Risk,Month-to-month,39.65
6298-QDFNH,0.7387534,High Risk,Month-to-month,79.35
8660-BUETV,0.7368916,High Risk,Month-to-month,44.75
6048-QBXKL,0.73556805,High Risk,Month-to-month,56.55
8272-ONJLV,0.73553413,High Risk,One year,95.7
9450-TRJUU,0.7354137,High Risk,Month-to-month,83.15
5650-YLIBA,0.73525226,High Risk,Month-to-month,81.15
6542-LWGXJ,0.73443234,High Risk,Month-to-month,25.0
3716-UVSPD,0.73407996,High Risk,Month-to-month,49.3
5331-RGMTT,0.73394734,High Risk,Month-to-month,99.05
7029-RPUAV,0.73384726,High Risk,Month-to-month,100.45
6166-ILMNY,0.7336994,High Risk,Month-to-month,69.75
4686-UXDML,0.7335823,High Risk,Month-to-month,99.85
3334-CTHOL,0.731851,High Risk,Month-to-month,49.95
6896-SRVYQ,0.7318394,High Risk,Month-to-month,73.85
1471-GIQKQ,0.73157245,High Risk,Month-to-month,49.95
7801-KICAO,0.7311928,High Risk,Month-to-month,74.15
6817-WTYHE,0.73007375,High Risk,Month-to-month,44.9
8058-DMYRU,0.7297072,High Risk,Month-to-month,90.05
5701-SVCWR,0.7289763,High Risk,Month-to-month,24.0
1156-ZFYDO,0.72839594,High Risk,Month-to-month,19.75
4029-HPFVY,0.7267532,High Risk,Month-to-month,70.3
3587-PMCOY,0.72593737,High Risk,One year,98.9
7422-WNBTY,0.7256397,High Risk,Month-to-month,93.35
7503-QQRVF,0.72506267,High Risk,Month-to-month,74.3
6537-QLGEX,0.72400033,High Risk,Month-to-month,38.9
7579-OOPEC,0.7238521,High Risk,Month-to-month,50.15
4412-YLTKF,0.7205222,High Risk,Month-to-month,78.05
8128-YVJRG,0.7201914,High Risk,Month-to-month,79.65
8631-WUXGY,0.7189634,High Risk,Month-to-month,99.8
5373-SFODM,0.7188766,High Risk,Month-to-month,85.25
8111-RKSPX,0.7178341,High Risk,Month-to-month,72.2
8873-GLDMH,0.7177899,High Risk,Month-to-month,73.85
4465-VDKIQ,0.7165691,High Risk,Month-to-month,77.8
8617-ENBDS,0.7164531,High Risk,Month-to-month,73.6
4690-LLKUA,0.7157607,High Risk,Month-to-month,45.05
3453-RTHJQ,0.7148797,High Risk,Month-to-month,69.1
0823-HSCDJ,0.7147488,High Risk,Month-to-month,49.15
6821-BUXUX,0.7124355,High Risk,Month-to-month,96.65
9274-UARKJ,0.711474,High Risk,Month-to-month,83.2
5380-WJKOV,0.7106559,High Risk,Month-to-month,106.35
8714-EUHJO,0.7106557,High Risk,Month-to-month,91.15
3665-JATSN,0.7094616,High Risk,Month-to-month,39.7
7018-WBJNK,0.70930165,High Risk,Month-to-month,78.3
9572-WUKSB,0.7076732,High Risk,Month-to-month,29.9
0822-QGCXA,0.706038,High Risk,Month-to-month,83.85
1092-GANHU,0.70548177,High Risk,Month-to-month,76.65
9506-UXUSK,0.7040454,High Risk,Month-to-month,70.15
3234-VKACU,0.7039074,High Risk,Month-to-month,70.3
4818-QIUFN,0.7037167,High Risk,Month-to-month,79.15
8378-LKJAF,0.70368457,High Risk,Month-to-month,101.15
9512-UIBFX,0.70352006,High Risk,Month-to-month,95.15
2573-GYRUU,0.7034987,High Risk,Month-to-month,91.05
4824-GUCBY,0.70311046,High Risk,Month-to-month,81.7
1469-LBJQJ,0.7030916,High Risk,Month-to-month,105.2
4329-YPDDQ,0.69733036,Medium Risk,Month-to-month,108.2
8059-UDZFY,0.69697917,Medium Risk,Month-to-month,105.35
4521-YEEHE,0.6959484,Medium Risk,Month-to-month,88.85
5976-JCJRH,0.69579107,Medium Risk,Month-to-month,70.3
2482-CZGBB,0.69579107,Medium Risk,Month-to-month,70.0
8751-EDEKA,0.6940253,Medium Risk,Month-to-month,89.9
0818-OCPZO,0.6918156,Medium Risk,Month-to-month,81.45
2277-VWCNI,0.6914842,Medium Risk,Month-to-month,48.75
2079-FBMZK,0.6903082,Medium Risk,Month-to-month,69.25
4829-AUOAX,0.68699914,Medium Risk,Month-to-month,96.05
8757-TFHHJ,0.6863339,Medium Risk,Month-to-month,49.8
3540-RZJYU,0.6856243,Medium Risk,Month-to-month,86.2
1391-UBDAR,0.6855504,Medium Risk,Month-to-month,72.9
8805-JNRAZ,0.68526495,Medium Risk,Month-to-month,49.2
8654-DHAOW,0.68526495,Medium Risk,Month-to-month,54.15
3923-CSIHK,0.68469715,Medium Risk,Month-to-month,71.05
2860-RANUS,0.68368185,Medium Risk,Month-to-month,85.8
1816-FLZDK,0.68300664,Medium Risk,Month-to-month,29.15
8495-PRWFH,0.68167543,Medium Risk,Month-to-month,55.65
3658-KIBGF,0.68149275,Medium Risk,Month-to-month,54.9
9732-KPKBW,0.68109477,Medium Risk,Month-to-month,53.95
9992-UJOEL,0.67936975,Medium Risk,Month-to-month,50.3
8896-BQTTI,0.67829585,Medium Risk,Month-to-month,25.0
7410-YTJIK,0.67671007,Medium Risk,Month-to-month,75.45
2070-FNEXE,0.67613184,Medium Risk,Month-to-month,76.45
8620-RJPZN,0.6759382,Medium Risk,Month-to-month,20.7
4646-QZXTF,0.6752487,Medium Risk,Month-to-month,81.25
9851-KIELU,0.67482483,Medium Risk,Month-to-month,110.1
9979-RGMZT,0.6742739,Medium Risk,One year,94.05
7534-BFESC,0.6738456,Medium Risk,Month-to-month,76.1
6635-CPNUN,0.6696135,Medium Risk,Month-to-month,96.6
2144-BFDSO,0.66879463,Medium Risk,Month-to-month,108.75
5813-UECBU,0.6685153,Medium Risk,Month-to-month,83.85
7296-PIXQY,0.66792357,Medium Risk,Month-to-month,70.2
3594-KADLU,0.6676002,Medium Risk,Month-to-month,35.1
0256-LTHVJ,0.6672005,Medium Risk,Month-to-month,81.05
1608-GMEWB,0.6668323,Medium Risk,Month-to-month,93.9
4512-ZUIYL,0.6661727,Medium Risk,Month-to-month,70.0
6362-QHAFM,0.6659176,Medium Risk,One year,108.3
5950-AAAGJ,0.6658242,Medium Risk,Month-to-month,84.3
2812-SFXMJ,0.665765,Medium Risk,Month-to-month,20.05
0096-BXERS,0.6656802,Medium Risk,Month-to-month,50.35
7470-MCQTK,0.66516274,Medium Risk,Month-to-month,48.75
7752-XUSCI,0.66388386,Medium Risk,Month-to-month,105.9
8637-XJIVR,0.6627246,Medium Risk,Month-to-month,78.95
6259-WJQLC,0.6627171,Medium Risk,Month-to-month,81.1
3858-VOBET,0.6611968,Medium Risk,Month-to-month,74.95
0015-UOCOJ,0.6608352,Medium Risk,Month-to-month,48.2
8393-JMVMB,0.6586398,Medium Risk,Month-to-month,19.45
5281-BUZGT,0.65840364,Medium Risk,Month-to-month,90.85
3932-CMDTD,0.6580445,Medium Risk,One year,105.65
9667-TKTVZ,0.6572514,Medium Risk,Month-to-month,54.35
7529-ZDFXI,0.65642434,Medium Risk,Month-to-month,89.85
4892-VLANZ,0.65391314,Medium Risk,Month-to-month,19.8
2465-BLLEU,0.65391314,Medium Risk,Month-to-month,19.75
3930-ZGWVE,0.65391314,Medium Risk,Month-to-month,19.75
7239-HZZCX,0.65391314,Medium Risk,Month-to-month,19.75
1066-JKSGK,0.65391314,Medium Risk,Month-to-month,20.15
1240-KNSEZ,0.65391314,Medium Risk,Month-to-month,20.1
3785-NRHYR,0.65391314,Medium Risk,Month-to-month,19.65
2369-FEVNO,0.65391314,Medium Risk,Month-to-month,19.9
9576-ANLXO,0.6537469,Medium Risk,Month-to-month,69.55
5445-GLVOT,0.6525403,Medium Risk,Month-to-month,49.8
1965-DDBWU,0.6519987,Medium Risk,Month-to-month,89.05
5356-CSVSQ,0.65155107,Medium Risk,Month-to-month,64.6
0388-EOPEX,0.6494162,Medium Risk,Month-to-month,74.4
2866-IKBTM,0.6490636,Medium Risk,Month-to-month,19.55
1763-WQFUK,0.64820635,Medium Risk,Month-to-month,50.5
7351-KYHQH,0.6477504,Medium Risk,Month-to-month,64.95
2309-OSFEU,0.6469801,Medium Risk,Month-to-month,33.9
1074-AMIOH,0.6466524,Medium Risk,Month-to-month,108.25
9522-BNTHX,0.6465248,Medium Risk,Month-to-month,56.25
6124-ACRHJ,0.64427596,Medium Risk,Month-to-month,19.75
9050-QLROH,0.6436441,Medium Risk,Month-to-month,90.7
6710-HSJRD,0.6427126,Medium Risk,Month-to-month,114.1
1493-AMTIE,0.6424405,Medium Risk,Month-to-month,20.2
4989-LIXVT,0.640459,Medium Risk,Month-to-month,95.9
3692-JHONH,0.63899523,Medium Risk,One year,106.5
6834-NXDCA,0.63788885,Medium Risk,Month-to-month,23.9
0778-NELLA,0.63775855,Medium Risk,Month-to-month,34.7
0611-DFXKO,0.6376396,Medium Risk,Month-to-month,89.0
6652-YFFJO,0.63646,Medium Risk,Month-to-month,64.9
9048-JVYVF,0.636059,Medium Risk,Month-to-month,69.35
6711-VTNRE,0.6347831,Medium Risk,Month-to-month,87.55
0310-MVLET,0.63451564,Medium Risk,Month-to-month,99.15
8601-QACRS,0.6327378,Medium Risk,Month-to-month,50.6
0691-NIKRI,0.6321804,Medium Risk,One year,105.95
7504-UWHNB,0.6319595,Medium Risk,Month-to-month,69.75
1784-EZDKJ,0.6318347,Medium Risk,One year,106.8
4547-LYTDD,0.6311928,Medium Risk,Month-to-month,72.65
1230-QAJDW,0.6311577,Medium Risk,Month-to-month,65.25
4026-SKKHW,0.6311221,Medium Risk,Month-to-month,50.25
9842-EFSYY,0.6302021,Medium Risk,Month-to-month,57.2
6968-GMKPR,0.63005406,Medium Risk,Month-to-month,81.55
3858-XHYJO,0.6289272,Medium Risk,One year,105.75
4282-MSACW,0.62792665,Medium Risk,One year,117.2
2778-OCLGR,0.62789065,Medium Risk,Month-to-month,39.1
7075-BNDVQ,0.62748307,Medium Risk,Month-to-month,35.0
5136-GFPMB,0.62714183,Medium Risk,Month-to-month,89.4
1355-KUSBG,0.62553126,Medium Risk,Month-to-month,48.8
8807-ARQET,0.6249258,Medium Risk,Month-to-month,40.35
9154-QDGTH,0.62475294,Medium Risk,One year,104.3
3018-TFTSU,0.6244321,Medium Risk,Month-to-month,81.7
4343-EJVQB,0.62442994,Medium Risk,Month-to-month,74.35
3780-YVMFA,0.62377226,Medium Risk,Month-to-month,68.55
9283-LZQOH,0.6234926,Medium Risk,Month-to-month,74.4
8490-BXHEO,0.6204287,Medium Risk,Month-to-month,80.55
2606-RMDHZ,0.62017155,Medium Risk,Month-to-month,30.5
2604-IJPDU,0.6196774,Medium Risk,Month-to-month,96.55
7878-JGDKK,0.6196346,Medium Risk,Month-to-month,44.55
0668-OGMHD,0.61942106,Medium Risk,Month-to-month,28.5
0430-IHCDJ,0.61501503,Medium Risk,Month-to-month,49.0
8016-NCFVO,0.61198694,Medium Risk,Month-to-month,116.5
6845-RGTYS,0.6116231,Medium Risk,Month-to-month,98.75
8033-VCZGH,0.61125016,Medium Risk,One year,103.95
8535-SFUTN,0.6105811,Medium Risk,Month-to-month,106.45
1550-LOAHA,0.61000514,Medium Risk,Month-to-month,84.15
1635-FJFCC,0.60904115,Medium Risk,Month-to-month,44.05
2956-GGUCQ,0.6067828,Medium Risk,Month-to-month,78.85
1768-HNVGJ,0.6066264,Medium Risk,Month-to-month,70.05
1208-NBVFH,0.60540646,Medium Risk,Month-to-month,49.6
6331-LWDTQ,0.60464877,Medium Risk,Month-to-month,72.15
9167-APMXZ,0.60447824,Medium Risk,Month-to-month,84.15
7159-FVYPK,0.60395753,Medium Risk,Month-to-month,69.15
2322-VCZHZ,0.60219,Medium Risk,Month-to-month,90.0
7623-TRNQN,0.6019301,Medium Risk,Month-to-month,49.9
0422-UXFAP,0.60158086,Medium Risk,One year,98.85
7893-IXHRQ,0.60138583,Medium Risk,Month-to-month,20.55
2761-XECQW,0.59971195,Medium Risk,Month-to-month,43.35
7277-OZCGZ,0.59860915,Medium Risk,Month-to-month,89.05
0277-BKSQP,0.59816515,Medium Risk,Month-to-month,54.4
3192-LNKRK,0.597469,Medium Risk,Month-to-month,84.05
3452-ABWRL,0.59686995,Medium Risk,Month-to-month,86.05
4546-FOKWR,0.5967723,Medium Risk,Month-to-month,74.75
3207-OYBWH,0.5966834,Medium Risk,Month-to-month,95.25
8096-LOIST,0.5966725,Medium Risk,Month-to-month,56.2
1329-VHWNP,0.59638333,Medium Risk,Month-to-month,25.05
0851-DFJKB,0.5962462,Medium Risk,Month-to-month,58.95
2883-ILGWO,0.59414583,Medium Risk,Month-to-month,104.9
6233-HXJMX,0.59409803,Medium Risk,Month-to-month,89.3
0428-IKYCP,0.5940327,Medium Risk,Month-to-month,87.0
2108-YKQTY,0.59287465,Medium Risk,Month-to-month,50.7
4248-QPAVC,0.5905495,Medium Risk,Month-to-month,85.35
4191-XOVOM,0.59021145,Medium Risk,Month-to-month,105.4
1035-IPQPU,0.5900122,Medium Risk,Month-to-month,103.5
0670-KDOMA,0.5897043,Medium Risk,Month-to-month,20.25
6891-JPYFF,0.58847505,Medium Risk,Month-to-month,105.25
6704-UTUKK,0.5877088,Medium Risk,Month-to-month,45.9
5371-VYLSX,0.5873989,Medium Risk,Month-to-month,83.4
8152-UOBNY,0.5864894,Medium Risk,One year,106.8
3258-SANFR,0.586044,Medium Risk,Month-to-month,44.7
7821-DPRQE,0.5852612,Medium Risk,Month-to-month,107.7
4640-UHDOS,0.5849164,Medium Risk,Month-to-month,55.95
6769-DYBQN,0.58485377,Medium Risk,Month-to-month,85.0
9753-OYLBX,0.58483166,Medium Risk,Month-to-month,20.5
1658-XUHBX,0.5845308,Medium Risk,Month-to-month,88.75
1452-KIOVK,0.58333945,Medium Risk,Month-to-month,89.1
4695-VADHF,0.5820053,Medium Risk,Month-to-month,57.45
1541-ETJZO,0.5776496,Medium Risk,Month-to-month,62.05
3058-WQDRE,0.5776147,Medium Risk,Month-to-month,25.15
0376-YMCJC,0.5758963,Medium Risk,Month-to-month,90.6
9286-DOJGF,0.5755608,Medium Risk,Month-to-month,74.95
7279-BUYWN,0.57487047,Medium Risk,Month-to-month,113.2
7924-GJZFI,0.57486117,Medium Risk,Month-to-month,69.3
2000-MPKCA,0.57442325,Medium Risk,One year,107.75
9369-XFEHK,0.5722094,Medium Risk,Month-to-month,80.6
5419-KLXBN,0.5702337,Medium Risk,Month-to-month,89.15
0486-HECZI,0.56965435,Medium Risk,Month-to-month,96.75
2842-BCQGE,0.56831545,Medium Risk,Month-to-month,75.35
1809-DMJHQ,0.5680069,Medium Risk,Month-to-month,46.0
8189-HBVRW,0.56715316,Medium Risk,Month-to-month,90.8
1963-VAUKV,0.5615427,Medium Risk,Month-to-month,20.4
4634-JLRJT,0.5615427,Medium Risk,Month-to-month,20.35
5533-NHFRF,0.55766964,Medium Risk,Month-to-month,44.4
8988-ECPJR,0.5574638,Medium Risk,Month-to-month,79.6
4323-SADQS,0.5567948,Medium Risk,Month-to-month,34.5
1989-PRJHP,0.5562697,Medium Risk,Month-to-month,75.5
3537-RYBHH,0.55616045,Medium Risk,Month-to-month,67.45
9576-SYUHJ,0.555523,Medium Risk,Month-to-month,91.15
4012-ZTHBR,0.55514604,Medium Risk,Month-to-month,44.95
6741-EGCBI,0.5549018,Medium Risk,Month-to-month,90.5
3237-AJGEH,0.55478156,Medium Risk,Month-to-month,31.0
3043-TYBNO,0.5545346,Medium Risk,Month-to-month,60.65
7343-EOBEU,0.5543277,Medium Risk,Month-to-month,23.6
3055-MJDSB,0.55362064,Medium Risk,Month-to-month,24.6
0581-MDMPW,0.55349994,Medium Risk,Month-to-month,88.95
6578-KRMAW,0.55241317,Medium Risk,Month-to-month,93.4
9233-PSYHO,0.5523529,Medium Risk,One year,100.15
3466-RITXD,0.54897314,Medium Risk,Month-to-month,92.4
1956-YIFGE,0.54636675,Medium Risk,One year,100.05
1170-SASML,0.5457693,Medium Risk,Month-to-month,85.4
5301-GAUUY,0.54506564,Medium Risk,Month-to-month,80.35
9710-ZUSHQ,0.5446235,Medium Risk,Month-to-month,106.75
5133-VRSAB,0.54318094,Medium Risk,Month-to-month,29.35
6218-KNUBD,0.54055804,Medium Risk,Month-to-month,59.45
7576-JMYWV,0.5396578,Medium Risk,Month-to-month,110.2
2105-PHWON,0.5393635,Medium Risk,Month-to-month,95.0
2203-GHNWN,0.53921586,Medium Risk,Month-to-month,79.65
4250-ZBWLV,0.5378997,Medium Risk,One year,108.45
7594-LZNWR,0.5373092,Medium Risk,Month-to-month,69.15
6227-HWPWX,0.537157,Medium Risk,Month-to-month,69.0
0829-XXPLX,0.53693205,Medium Risk,Month-to-month,89.4
4360-PNRQB,0.53598875,Medium Risk,Month-to-month,75.6
4724-WXVWF,0.53570485,Medium Risk,Month-to-month,95.4
1656-DRSMG,0.53473043,Medium Risk,Month-to-month,109.85
8887-IPQNC,0.5324985,Medium Risk,Month-to-month,44.25
3137-LUPIX,0.52966464,Medium Risk,Month-to-month,64.4
2346-DJQTB,0.52902013,Medium Risk,Month-to-month,24.15
9972-VAFJJ,0.5288474,Medium Risk,One year,94.0
0742-MOABM,0.52880764,Medium Risk,Month-to-month,50.05
7554-AKDQF,0.5279781,Medium Risk,Month-to-month,45.65
9254-RBFON,0.5277826,Medium Risk,One year,98.6
4660-IRIBM,0.5270537,Medium Risk,Month-to-month,87.9
7502-BNYGS,0.52502334,Medium Risk,Month-to-month,69.1
6008-NAIXK,0.52190137,Medium Risk,One year,55.45
3094-JOJAI,0.52138907,Medium Risk,Month-to-month,74.15
0924-BJCRC,0.52068835,Medium Risk,Month-to-month,89.45
6713-OKOMC,0.5193301,Medium Risk,Month-to-month,29.75
0327-WFZSY,0.51882714,Medium Risk,One year,100.0
2074-GUHPQ,0.5180464,Medium Risk,Month-to-month,92.7
9445-SZLCH,0.5180095,Medium Risk,Month-to-month,97.35
1685-VAYJF,0.5172582,Medium Risk,Month-to-month,45.2
3780-DDGSE,0.5119966,Medium Risk,Month-to-month,76.05
3373-YZZYM,0.51159275,Medium Risk,Month-to-month,19.2
4452-QIIEB,0.5101713,Medium Risk,Month-to-month,43.9
4211-MMAZN,0.50970334,Medium Risk,Month-to-month,20.25
9767-FFLEM,0.5088583,Medium Risk,Month-to-month,69.5
2101-RANCD,0.50817955,Medium Risk,Month-to-month,73.1
4918-FYJNT,0.50759023,Medium Risk,Month-to-month,90.45
1113-IUJYX,0.50478786,Medium Risk,One year,105.95
5049-GLYVG,0.5046787,Medium Risk,Month-to-month,20.6
4160-AMJTL,0.50047547,Medium Risk,Month-to-month,19.65
5828-AVIPD,0.500126,Medium Risk,One year,100.95
6821-JPCDC,0.4998949,Medium Risk,One year,97.05
2995-UPRYS,0.4994984,Medium Risk,One year,99.2
3164-YAXFY,0.4985578,Medium Risk,Month-to-month,53.75
3761-FLYZI,0.49803188,Medium Risk,Month-to-month,108.8
2391-SOORI,0.4975786,Medium Risk,Month-to-month,49.35
9591-YVTEB,0.49738884,Medium Risk,Month-to-month,44.85
2750-BJLSB,0.49496993,Medium Risk,One year,103.7
1600-DILPE,0.49489355,Medium Risk,Month-to-month,45.0
7047-FWEYA,0.49472252,Medium Risk,One year,103.15
4324-AHJKS,0.49301907,Medium Risk,Month-to-month,55.8
0106-GHRQR,0.4920806,Medium Risk,Month-to-month,71.4
4983-CLMLV,0.49149674,Medium Risk,Month-to-month,102.7
2585-KTFRE,0.4899683,Medium Risk,Month-to-month,70.45
5630-AHZIL,0.48945403,Medium Risk,Month-to-month,64.5
4905-JEFDW,0.4882373,Medium Risk,One year,41.6
2284-VFLKH,0.48765135,Medium Risk,One year,99.25
6559-RAKOZ,0.48639092,Medium Risk,One year,97.95
7876-BEUTG,0.48487997,Medium Risk,Month-to-month,48.8
1436-ZMJAN,0.48399568,Medium Risk,Month-to-month,67.8
8920-NAVAY,0.48394355,Medium Risk,One year,110.75
9122-UMROB,0.48088446,Medium Risk,Month-to-month,20.3
5996-DAOQL,0.48088446,Medium Risk,Month-to-month,20.45
9761-XUJWD,0.48051664,Medium Risk,Month-to-month,65.6
5575-TPIZQ,0.48001364,Medium Risk,Month-to-month,89.15
9643-YBLUR,0.47887978,Medium Risk,Month-to-month,69.05
3689-MOZGR,0.47834054,Medium Risk,Month-to-month,31.2
2519-LBNQL,0.47784972,Medium Risk,One year,104.35
0064-YIJGF,0.47717735,Medium Risk,Month-to-month,75.75
6917-YACBP,0.47629377,Medium Risk,Month-to-month,89.75
7621-VPNET,0.4742365,Medium Risk,Month-to-month,85.9
0222-CNVPT,0.47413662,Medium Risk,Month-to-month,48.8
6847-KJLTS,0.47397208,Medium Risk,Month-to-month,100.4
6797-UCJHZ,0.47277424,Medium Risk,One year,104.6
8455-HIRAQ,0.47138005,Medium Risk,Month-to-month,44.45
5716-LIBJC,0.47118276,Medium Risk,One year,104.15
3589-PPVKW,0.47094724,Medium Risk,Month-to-month,44.4
5174-ITUMV,0.4685662,Medium Risk,One year,105.4
2700-LUEVA,0.46665776,Medium Risk,Month-to-month,20.75
9489-UTFKA,0.46648452,Medium Risk,Month-to-month,60.9
2669-QVCRG,0.4663566,Medium Risk,Month-to-month,81.3
7130-YXBRO,0.46519354,Medium Risk,Month-to-month,111.45
5562-YJQGT,0.46473005,Medium Risk,Month-to-month,20.35
1849-RJYIG,0.46200022,Medium Risk,Month-to-month,60.0
9971-ZWPBF,0.45963302,Medium Risk,Month-to-month,108.9
0295-QVKPB,0.45853975,Medium Risk,Month-to-month,63.95
7854-EKTJL,0.45852718,Medium Risk,Month-to-month,19.6
6284-AHOOQ,0.45662975,Medium Risk,Month-to-month,90.5
4489-SNOJF,0.45580333,Medium Risk,Month-to-month,72.25
4393-RYCRE,0.45539364,Medium Risk,One year,106.05
8375-KVTHK,0.45444378,Medium Risk,One year,100.3
2139-FQHLM,0.45314884,Medium Risk,Month-to-month,89.95
5766-ZJYBB,0.45312706,Medium Risk,Month-to-month,19.4
2832-SCUCO,0.45311713,Medium Risk,Month-to-month,19.9
4667-OHGKG,0.45280826,Medium Risk,Month-to-month,19.3
7926-IJOOU,0.45280826,Medium Risk,Month-to-month,19.3
7067-KSAZT,0.45087588,Medium Risk,One year,106.25
4693-VWVBO,0.45012674,Medium Risk,Month-to-month,19.55
6429-SHBCB,0.44996917,Medium Risk,Month-to-month,69.6
6344-SFJVH,0.44893503,Medium Risk,Month-to-month,24.9
4819-HJPIW,0.4489186,Medium Risk,Month-to-month,25.15
7923-IYJWY,0.44886556,Medium Risk,Two year,116.1
7351-MHQVU,0.44583613,Medium Risk,Month-to-month,50.95
8849-GYOKR,0.44537464,Medium Risk,One year,106.55
1853-ARAAQ,0.44493297,Medium Risk,Month-to-month,50.35
3211-ILJTT,0.44480821,Medium Risk,Month-to-month,70.4
2798-NYLMZ,0.44354385,Medium Risk,Two year,108.55
1087-UDSIH,0.44352427,Medium Risk,Month-to-month,19.6
6646-QVXLR,0.4424272,Medium Risk,One year,103.75
9089-UOWJG,0.4415849,Medium Risk,Month-to-month,58.35
0678-RLHVP,0.4414214,Medium Risk,Two year,105.55
7740-BTPUX,0.4377438,Medium Risk,Two year,113.6
6543-CPZMK,0.43736425,Medium Risk,Month-to-month,29.95
6583-SZVGP,0.4370024,Medium Risk,Two year,108.1
7398-LXGYX,0.4353917,Medium Risk,Month-to-month,84.8
3331-HQDTW,0.43533808,Medium Risk,Month-to-month,109.8
3807-BPOMJ,0.43440694,Medium Risk,One year,94.75
1205-WNWPJ,0.43301782,Medium Risk,Month-to-month,59.5
8671-KKKOS,0.43151346,Medium Risk,Month-to-month,45.55
5339-TJFEK,0.42970768,Medium Risk,Month-to-month,105.5
6777-TGHTM,0.4296979,Medium Risk,One year,106.95
4753-PADAS,0.4252628,Medium Risk,One year,105.7
2731-GJRDG,0.42370892,Medium Risk,One year,109.55
3126-WQMGH,0.4216862,Medium Risk,Month-to-month,52.15
3179-GBRWV,0.42108732,Medium Risk,Month-to-month,64.95
7750-EYXWZ,0.4192841,Medium Risk,One year,60.65
2458-EOMRE,0.41667402,Medium Risk,Month-to-month,64.05
8049-WJCLQ,0.41654873,Medium Risk,Month-to-month,60.2
1370-GGAWX,0.4137744,Medium Risk,One year,94.15
0363-QJVFX,0.41287592,Medium Risk,Month-to-month,108.15
5269-NRGDP,0.4125739,Medium Risk,One year,73.15
5553-AOINX,0.41176397,Medium Risk,One year,104.9
5360-LJCNJ,0.41146573,Medium Risk,Two year,105.15
6137-MFAJN,0.4109944,Medium Risk,Month-to-month,44.8
0931-MHTEM,0.4086546,Medium Risk,One year,100.05
8840-DQLGN,0.40801433,Medium Risk,Month-to-month,100.5
7410-KTVFV,0.40771094,Medium Risk,Month-to-month,49.55
8402-EIVQS,0.40740716,Medium Risk,One year,100.9
1744-JHKYS,0.40546292,Medium Risk,Month-to-month,24.7
2257-BOVXD,0.4040094,Medium Risk,Month-to-month,66.6
1004-NOZNR,0.40327317,Medium Risk,One year,94.8
8791-GFXLZ,0.40271074,Medium Risk,Month-to-month,49.05
0409-WTMPL,0.40184763,Medium Risk,One year,110.65
9494-BDNNC,0.40109837,Medium Risk,One year,95.3
6270-OMFIW,0.40039697,Medium Risk,One year,94.4
7251-XFOIL,0.3999032,Medium Risk,Month-to-month,89.2
1986-PHGZF,0.3991486,Medium Risk,Month-to-month,58.4
1357-MVDOZ,0.39816213,Medium Risk,Month-to-month,59.65
6497-TILVL,0.39769068,Medium Risk,Month-to-month,50.7
7611-YKYTC,0.39743367,Medium Risk,Month-to-month,75.0
7074-STDCN,0.3972299,Medium Risk,Month-to-month,40.6
7808-DVWEP,0.3962852,Medium Risk,Month-to-month,20.0
6475-VHUIZ,0.39574066,Medium Risk,Month-to-month,54.25
4785-QRJHC,0.39341208,Medium Risk,One year,59.9
8976-OQHGT,0.3926351,Medium Risk,Month-to-month,56.5
0447-BEMNG,0.3913575,Medium Risk,Month-to-month,45.3
7124-UGSUR,0.38973308,Medium Risk,One year,104.4
5555-RNPGT,0.38949022,Medium Risk,Month-to-month,24.8
7551-DACSP,0.38948727,Medium Risk,Month-to-month,55.3
4501-UYKBC,0.38916406,Medium Risk,One year,69.1
5334-JLAXU,0.3881062,Medium Risk,Month-to-month,94.1
4851-BQDNX,0.38789824,Medium Risk,One year,85.05
3606-SBKRY,0.38759688,Medium Risk,One year,50.05
1171-TYKUR,0.3871497,Medium Risk,Month-to-month,25.4
0959-WHOKV,0.3830933,Medium Risk,One year,99.0
0909-SDHNU,0.38163018,Medium Risk,Month-to-month,29.8
0961-ZWLVI,0.38122025,Medium Risk,One year,109.2
0058-EVZWM,0.37845922,Medium Risk,Month-to-month,89.8
3982-DQLUS,0.37684903,Medium Risk,Month-to-month,85.75
8930-XOTDP,0.37682247,Medium Risk,Month-to-month,55.95
2023-VQFDL,0.37522513,Medium Risk,Month-to-month,19.0
5701-ZIKJE,0.37488464,Medium Risk,Month-to-month,50.55
1222-LRYKO,0.3743431,Medium Risk,Month-to-month,26.35
1848-LBZHY,0.37331402,Medium Risk,Month-to-month,50.3
8182-PNAGI,0.37245882,Medium Risk,Month-to-month,50.25
0345-XMMUG,0.37180755,Medium Risk,Two year,108.9
4237-CLSMM,0.3687613,Medium Risk,Month-to-month,20.0
5702-SKUOB,0.3676476,Medium Risk,Month-to-month,19.6
7742-MYPGI,0.3653587,Medium Risk,Month-to-month,48.8
7629-WFGLW,0.36491,Medium Risk,One year,95.65
3325-FUYCG,0.36179557,Medium Risk,One year,106.1
8970-ANWXO,0.36080772,Medium Risk,One year,73.75
9986-BONCE,0.36003736,Medium Risk,Month-to-month,20.95
8421-WZOOW,0.35644683,Medium Risk,Month-to-month,95.3
4800-CZMPC,0.3563143,Medium Risk,One year,103.25
7766-CLTIC,0.3542951,Medium Risk,Month-to-month,60.95
1697-NVVGY,0.35281596,Medium Risk,Month-to-month,66.4
9139-WQQDY,0.3521583,Medium Risk,One year,100.45
1735-XMJVH,0.3519935,Medium Risk,Month-to-month,19.35
1229-RCALF,0.35116494,Medium Risk,One year,115.0
3301-LSLWQ,0.35089245,Medium Risk,Month-to-month,66.1
4365-MSDYN,0.3492769,Medium Risk,Month-to-month,19.55
3022-BEXHZ,0.34889862,Medium Risk,Two year,111.2
2599-CZABP,0.3480141,Medium Risk,One year,44.6
7776-QGYJC,0.34661338,Medium Risk,Month-to-month,81.5
9092-GDZKO,0.34554332,Medium Risk,Month-to-month,24.85
9128-CPXKI,0.3454207,Medium Risk,Two year,95.8
2129-ALKBS,0.34479326,Medium Risk,Month-to-month,26.2
3977-QCRSL,0.34472662,Medium Risk,Month-to-month,20.15
9039-RBEEE,0.34359995,Medium Risk,Month-to-month,48.95
4190-MFLUW,0.34289688,Medium Risk,Month-to-month,55.2
3682-YEUWS,0.3422132,Medium Risk,Month-to-month,24.4
2839-RFSQE,0.33877972,Medium Risk,Month-to-month,20.65
3313-QKNKB,0.33717713,Medium Risk,One year,85.55
0701-TJSEF,0.3344615,Medium Risk,Month-to-month,68.25
3011-WQKSZ,0.33398005,Medium Risk,Month-to-month,20.0
6258-NGCNG,0.33366305,Medium Risk,Month-to-month,23.5
9086-YJYXS,0.3331466,Medium Risk,One year,77.2
5396-IZEPB,0.33293286,Medium Risk,Month-to-month,19.7
3890-RTCMS,0.33247194,Medium Risk,Month-to-month,49.45
6260-XLACS,0.3324231,Medium Risk,One year,19.7
6734-FQAJX,0.3309827,Medium Risk,Two year,105.05
3638-DIMPH,0.3300729,Medium Risk,One year,43.8
0431-APWVY,0.3290856,Medium Risk,One year,90.1
5949-EBSQK,0.32907698,Medium Risk,Month-to-month,61.45
5198-HQAEN,0.3287698,Medium Risk,One year,89.7
4250-WAROZ,0.32840776,Medium Risk,Month-to-month,93.25
0723-VSOBE,0.32794225,Medium Risk,One year,34.2
1097-FSPVW,0.3278525,Medium Risk,Month-to-month,54.55
0440-QEXBZ,0.327657,Medium Risk,Month-to-month,50.15
9103-TCIHJ,0.32708457,Medium Risk,Month-to-month,55.7
4002-BQWPQ,0.3263663,Medium Risk,Month-to-month,81.75
6732-FZUGP,0.32431522,Medium Risk,One year,94.9
6319-QSUSR,0.32429272,Medium Risk,Month-to-month,19.7
0750-EBAIU,0.32368222,Medium Risk,One year,91.25
1395-OFUWC,0.32332286,Medium Risk,Month-to-month,29.3
3523-QRQLL,0.3223214,Medium Risk,One year,69.5
1485-YDHMM,0.31886235,Medium Risk,Month-to-month,93.25
4869-EPIUS,0.31798133,Medium Risk,One year,80.9
6164-HXUGH,0.316854,Medium Risk,Month-to-month,19.85
2843-CQMEG,0.31657875,Medium Risk,Month-to-month,49.7
4830-FAXFM,0.3153412,Medium Risk,Month-to-month,24.1
3594-UVONA,0.3153141,Medium Risk,One year,85.95
3413-DHLPB,0.31342778,Medium Risk,Month-to-month,103.75
5876-HZVZM,0.31325218,Medium Risk,Month-to-month,55.9
3363-EWLGO,0.31293145,Medium Risk,Month-to-month,19.95
3391-JSQEW,0.31284723,Medium Risk,Month-to-month,50.15
4118-CEVPF,0.31270617,Medium Risk,One year,110.8
9114-AAFQH,0.3092482,Medium Risk,One year,65.65
0895-LMRSF,0.30782217,Medium Risk,One year,64.9
2159-TURXX,0.3064343,Medium Risk,Month-to-month,20.05
1345-GKDZZ,0.30620405,Medium Risk,Month-to-month,19.55
3413-CSSTH,0.306167,Medium Risk,Month-to-month,55.7
8433-WPJTV,0.30271745,Medium Risk,One year,103.9
1264-FUHCX,0.3026162,Medium Risk,One year,56.3
9391-DXGGG,0.30257794,Medium Risk,One year,89.15
6483-OATDN,0.30250826,Medium Risk,Month-to-month,51.3
3450-WXOAT,0.30051503,Medium Risk,Month-to-month,45.2
6500-JVEGC,0.30030003,Medium Risk,One year,101.35
0719-SYFRB,0.29817408,Low Risk,Month-to-month,61.65
2165-VOEGB,0.29791892,Low Risk,One year,105.2
2748-MYRVK,0.29737577,Low Risk,One year,99.9
6599-GZWCM,0.29685548,Low Risk,One year,74.65
9107-UKCKY,0.29582915,Low Risk,One year,79.8
5206-XZZQI,0.29552835,Low Risk,Month-to-month,80.6
3410-MHHUM,0.29549244,Low Risk,One year,94.4
1045-LTCYT,0.29440975,Low Risk,Month-to-month,21.05
6946-LMSQS,0.29363763,Low Risk,One year,89.05
5949-HGVJL,0.2927375,Low Risk,Month-to-month,73.05
0824-VWDPO,0.29261777,Low Risk,One year,96.75
1140-UKVZG,0.29146668,Low Risk,Month-to-month,24.8
2466-NEJOJ,0.2910311,Low Risk,Month-to-month,19.65
2266-SJNAT,0.2904302,Low Risk,One year,109.15
3099-OONVS,0.2899894,Low Risk,Month-to-month,54.3
1247-QBVSH,0.2885304,Low Risk,Month-to-month,50.2
8929-KSWIH,0.2871145,Low Risk,Two year,99.3
6941-KXRRV,0.28708935,Low Risk,One year,58.95
5827-MWCZK,0.28616595,Low Risk,Month-to-month,96.95
3594-IVHJZ,0.28560778,Low Risk,Month-to-month,20.45
2732-ISEZX,0.28531858,Low Risk,Month-to-month,20.5
2272-JKMSI,0.2827721,Low Risk,One year,110.8
7868-BGSZA,0.28271863,Low Risk,One year,80.2
0134-XWXCE,0.28160304,Low Risk,One year,74.85
0975-UYDTX,0.28022584,Low Risk,One year,90.1
4075-JFPGR,0.27933034,Low Risk,One year,93.5
0128-MKWSG,0.27932087,Low Risk,Month-to-month,45.8
5120-ZBLAI,0.2790896,Low Risk,One year,75.7
5469-CTCWN,0.2790102,Low Risk,One year,106.0
4353-HYOJD,0.27689135,Low Risk,Month-to-month,49.85
1150-WFARN,0.27655223,Low Risk,Two year,108.75
6806-YDEUL,0.27572492,Low Risk,Month-to-month,19.5
7629-WIXZF,0.27507645,Low Risk,One year,59.1
9138-EFSMO,0.2746053,Low Risk,One year,78.95
6345-ULYRW,0.2728939,Low Risk,One year,88.4
2305-MRGLV,0.2704181,Low Risk,Month-to-month,76.55
3190-FZATL,0.2703648,Low Risk,Month-to-month,19.95
4304-TSPVK,0.2699412,Low Risk,Two year,114.9
8053-WWDRO,0.26943952,Low Risk,Month-to-month,19.5
7531-GQHME,0.26782697,Low Risk,Month-to-month,20.05
7690-KPNCU,0.2671977,Low Risk,One year,73.05
0080-EMYVY,0.2668368,Low Risk,One year,51.45
7537-CBQUZ,0.26673415,Low Risk,Month-to-month,109.4
6036-TTFYU,0.26509598,Low Risk,Month-to-month,19.6
8963-MQVYN,0.2650351,Low Risk,Month-to-month,20.55
8246-SHFGA,0.26476082,Low Risk,Month-to-month,21.1
2758-RNWXS,0.2636164,Low Risk,One year,89.2
8739-QOTTN,0.26337692,Low Risk,Month-to-month,20.35
0733-VUNUW,0.26310256,Low Risk,Month-to-month,55.65
6620-HVDUJ,0.263041,Low Risk,Month-to-month,60.45
8023-QHAIO,0.2627924,Low Risk,Month-to-month,76.85
9378-FXTIZ,0.2610006,Low Risk,One year,70.15
0347-UBKUZ,0.2607303,Low Risk,Month-to-month,19.9
2908-ZTPNF,0.26072925,Low Risk,Month-to-month,34.85
6661-EIPZC,0.25897783,Low Risk,Month-to-month,29.5
8409-WQJUX,0.25872123,Low Risk,One year,54.2
9762-YAQAA,0.25813678,Low Risk,One year,81.4
5524-KHNJP,0.25603718,Low Risk,One year,74.75
5268-DSMNQ,0.25448236,Low Risk,One year,97.95
6671-NGWON,0.25349364,Low Risk,Month-to-month,20.35
3530-CRZSB,0.25349364,Low Risk,Month-to-month,20.65
4184-VODJZ,0.25312483,Low Risk,One year,91.35
4759-PXTAN,0.24902634,Low Risk,One year,80.1
4423-JWZJN,0.24894446,Low Risk,One year,90.25
6668-CNMFP,0.24801256,Low Risk,One year,89.35
6752-APNJL,0.24798645,Low Risk,Month-to-month,54.5
0484-JPBRU,0.2471692,Low Risk,Month-to-month,25.25
9402-ROUMJ,0.24611965,Low Risk,One year,100.25
7706-DZNKK,0.24582711,Low Risk,Month-to-month,20.45
5236-PERKL,0.24535824,Low Risk,Two year,112.95
6322-HRPFA,0.24480624,Low Risk,Month-to-month,59.6
7432-FFVAR,0.24307661,Low Risk,One year,90.95
9644-KVCNC,0.24251154,Low Risk,One year,92.15
5445-PZWGX,0.24068981,Low Risk,One year,102.0
9496-IVVRP,0.24025796,Low Risk,Month-to-month,51.0
7789-CRUVC,0.23842181,Low Risk,Month-to-month,94.2
5067-DGXLL,0.238134,Low Risk,Month-to-month,20.25
4946-EDSEW,0.23748069,Low Risk,Month-to-month,19.25
4419-UJMUS,0.23631303,Low Risk,Two year,99.35
2338-BQEZT,0.23629496,Low Risk,Month-to-month,50.55
3696-XRIEN,0.236274,Low Risk,One year,82.5
5574-NXZIU,0.23492596,Low Risk,Two year,109.2
5014-WUQMG,0.23426835,Low Risk,One year,96.1
4626-OZDTJ,0.23280942,Low Risk,One year,78.65
7016-NVRIC,0.23267181,Low Risk,One year,90.1
7105-MXJLL,0.2291022,Low Risk,One year,60.7
7872-BAAZR,0.22871876,Low Risk,One year,19.55
9364-YKUVW,0.22828504,Low Risk,Month-to-month,19.8
9586-JGQKH,0.22806028,Low Risk,Two year,105.4
8869-TORSS,0.22641768,Low Risk,One year,60.35
5027-YOCXN,0.22281384,Low Risk,One year,110.05
6766-HFKLA,0.22245698,Low Risk,Two year,103.2
8495-LJDFO,0.22210017,Low Risk,Month-to-month,108.95
7931-PXHFC,0.22100817,Low Risk,One year,62.3
1707-HABPF,0.2195749,Low Risk,One year,91.3
6048-UWKAL,0.2179058,Low Risk,Two year,105.4
5016-LIPDW,0.21765237,Low Risk,One year,19.4
3077-RSNTJ,0.21741678,Low Risk,Month-to-month,19.7
4701-AHWMW,0.21723473,Low Risk,Month-to-month,54.55
4072-IPYLT,0.21712902,Low Risk,Month-to-month,51.05
6445-TNRXS,0.21678986,Low Risk,Two year,114.7
3597-YASZG,0.21422713,Low Risk,Two year,104.45
3156-QLHBO,0.2125754,Low Risk,Month-to-month,19.25
3675-EQOZA,0.2108276,Low Risk,Month-to-month,20.65
7839-NUIAA,0.210061,Low Risk,Month-to-month,59.8
1936-UAFEH,0.20918688,Low Risk,Two year,110.25
4806-DXQCE,0.20723411,Low Risk,Two year,113.65
2533-QVMSK,0.20667073,Low Risk,Two year,94.1
0665-XHDJU,0.20483,Low Risk,Two year,99.4
1036-GUDCL,0.20426321,Low Risk,Month-to-month,79.05
3374-PZLXD,0.20302504,Low Risk,Month-to-month,19.7
5240-CAOYT,0.20220253,Low Risk,Month-to-month,87.55
2408-PSJVE,0.20171715,Low Risk,Month-to-month,61.9
3096-WPXBT,0.20140375,Low Risk,One year,100.7
0076-LVEPS,0.20092525,Low Risk,Month-to-month,45.0
2659-VXMWZ,0.19938675,Low Risk,One year,111.3
9470-RTWDV,0.1990762,Low Risk,One year,82.0
0946-FKYTX,0.19897074,Low Risk,One year,30.1
0690-SRQID,0.19878404,Low Risk,Month-to-month,19.65
2061-VVFST,0.19872767,Low Risk,Month-to-month,19.5
3392-EHMNK,0.19771498,Low Risk,Two year,94.1
7445-WMRBW,0.19767909,Low Risk,One year,73.85
4369-NYSCF,0.19598491,Low Risk,One year,75.75
8318-LCNBW,0.19488007,Low Risk,One year,53.15
5144-PQCDZ,0.1946471,Low Risk,Month-to-month,19.95
2434-EEVDB,0.19396813,Low Risk,Two year,94.6
5985-BEHZK,0.19367577,Low Risk,One year,105.0
8319-QBEHW,0.19293363,Low Risk,One year,39.95
9592-ERDKV,0.19200583,Low Risk,One year,79.25
1936-CZAKF,0.1919671,Low Risk,Two year,49.65
3506-OVLKD,0.19095135,Low Risk,One year,26.2
0623-EJQEG,0.19019252,Low Risk,One year,93.55
5832-EXGTT,0.18956798,Low Risk,Month-to-month,60.2
3694-GLTJM,0.18708411,Low Risk,Month-to-month,19.65
3229-USWAR,0.18523204,Low Risk,One year,79.95
8097-OMULG,0.1852171,Low Risk,One year,76.75
0083-PIVIK,0.18423243,Low Risk,One year,81.25
4770-QAZXN,0.17679825,Low Risk,Month-to-month,19.45
5271-YNWVR,0.17613652,Low Risk,Two year,113.15
4011-ARPHK,0.17601089,Low Risk,Month-to-month,50.35
1376-HHBDV,0.17601089,Low Risk,Month-to-month,48.8
9209-NWPGU,0.17568679,Low Risk,One year,65.4
8166-ZZTFS,0.17528033,Low Risk,Two year,80.55
2091-MJTFX,0.17416252,Low Risk,Month-to-month,51.2
2834-JKOOW,0.17388885,Low Risk,One year,45.9
2361-UPSND,0.17277388,Low Risk,One year,70.6
9565-JSNFM,0.17246334,Low Risk,One year,70.45
5049-MUBWG,0.17178498,Low Risk,One year,75.0
9894-QMIMJ,0.17064138,Low Risk,One year,55.8
2930-UOTMB,0.17049892,Low Risk,Month-to-month,65.25
2483-XSSMZ,0.16954203,Low Risk,One year,47.85
8652-YHIYU,0.16910134,Low Risk,One year,79.5
6303-KFWSL,0.16843289,Low Risk,One year,55.25
5829-NVSQN,0.16797428,Low Risk,One year,68.75
7036-ZZKBD,0.1676743,Low Risk,Month-to-month,66.4
9040-KZVWO,0.16713013,Low Risk,One year,75.5
2096-XOTMO,0.16609429,Low Risk,Month-to-month,19.35
5955-EPOAZ,0.16487733,Low Risk,Month-to-month,20.95
9289-LBQVU,0.16403575,Low Risk,One year,70.15
9796-MVYXX,0.16199887,Low Risk,Two year,39.7
8041-TMEID,0.15823573,Low Risk,Two year,108.5
0297-RBCSG,0.15733263,Low Risk,One year,65.35
2546-KZAAT,0.15603717,Low Risk,One year,75.4
6972-SNKKW,0.15331808,Low Risk,Month-to-month,20.0
2789-CZANW,0.15253203,Low Risk,Two year,110.3
9367-TCUYN,0.15201034,Low Risk,Month-to-month,20.1
9860-LISIZ,0.1513647,Low Risk,Month-to-month,20.35
1834-ABKHQ,0.15111364,Low Risk,One year,50.95
4039-PIMHX,0.15064019,Low Risk,Two year,49.8
7666-WKRON,0.14946797,Low Risk,Two year,80.45
8097-VBQTZ,0.14909835,Low Risk,Month-to-month,69.9
0519-DRGTI,0.14905475,Low Risk,Month-to-month,20.35
0377-JBKKT,0.14780371,Low Risk,Month-to-month,57.95
4174-LPGTI,0.14736924,Low Risk,One year,66.5
5906-CVLHP,0.1463709,Low Risk,One year,54.15
5447-VYTKW,0.14578979,Low Risk,Month-to-month,53.45
1474-JUWSM,0.14538866,Low Risk,One year,68.4
2325-ZUSFD,0.14439078,Low Risk,One year,70.1
2364-UFROM,0.14411607,Low Risk,One year,70.4
0487-VVUVK,0.14323689,Low Risk,Month-to-month,19.15
1038-RQOST,0.14182958,Low Risk,Month-to-month,20.6
4223-BKEOR,0.1408202,Low Risk,One year,64.85
6519-ZHPXP,0.14000337,Low Risk,Two year,108.3
4644-PIZRT,0.13816492,Low Risk,One year,70.35
8869-LIHMK,0.13695776,Low Risk,Two year,115.1
6016-LVTJQ,0.13577548,Low Risk,Month-to-month,20.65
0835-JKADZ,0.13542634,Low Risk,Two year,111.25
4049-ZPALD,0.13512059,Low Risk,Two year,99.0
8204-TIFGJ,0.13499726,Low Risk,Month-to-month,20.3
4504-YOULA,0.13397548,Low Risk,Month-to-month,59.45
7520-HQWJU,0.13352123,Low Risk,Month-to-month,67.45
6194-HBGQN,0.13318795,Low Risk,One year,81.15
6598-RFFVI,0.13215563,Low Risk,One year,19.3
4531-AUZNK,0.13186972,Low Risk,One year,95.15
0744-GKNGE,0.13177733,Low Risk,Month-to-month,86.8
8261-GWDBQ,0.1313386,Low Risk,Two year,116.05
8292-FRFZQ,0.13117358,Low Risk,One year,41.15
1722-LDZJS,0.13111916,Low Risk,One year,20.2
8879-XUAHX,0.13002415,Low Risk,Two year,116.25
4942-VZZOM,0.12928323,Low Risk,One year,66.15
6682-QJDGB,0.12900867,Low Risk,Month-to-month,55.25
7781-EWARA,0.1288276,Low Risk,One year,60.35
9933-QRGTX,0.12798569,Low Risk,Two year,97.2
6617-WLBQC,0.12736818,Low Risk,One year,81.85
9391-TTOYH,0.12584996,Low Risk,Month-to-month,19.5
0379-DJQHR,0.12470402,Low Risk,Two year,81.35
9480-BQJEI,0.12385339,Low Risk,One year,92.3
4685-TFLLS,0.123387836,Low Risk,One year,19.8
8406-LNMHF,0.12320143,Low Risk,One year,82.95
6047-SUHPR,0.12296351,Low Risk,One year,59.8
1545-JFUML,0.1196698,Low Risk,Two year,99.0
1265-HVPZB,0.11875381,Low Risk,One year,66.4
6993-YCOBK,0.11855781,Low Risk,Two year,110.6
5820-PTRYM,0.11815482,Low Risk,One year,68.45
4189-NAKJS,0.117817804,Low Risk,One year,51.55
9955-QOPOY,0.11770243,Low Risk,One year,60.8
4445-KWOKW,0.11650513,Low Risk,One year,60.15
0020-INWCK,0.115595266,Low Risk,Two year,95.75
1568-LJSZU,0.11532179,Low Risk,Two year,92.2
3301-VKTGC,0.11400269,Low Risk,One year,85.5
6174-NRBTZ,0.11294127,Low Risk,One year,30.75
8975-SKGRX,0.1124674,Low Risk,Two year,116.1
3551-GAEGL,0.11088352,Low Risk,One year,30.4
6349-JDHQP,0.11074864,Low Risk,Two year,19.85
0323-XWWTN,0.110734515,Low Risk,Two year,26.4
9814-AOUDH,0.10750938,Low Risk,Two year,19.5
9318-NKNFC,0.106159925,Low Risk,Month-to-month,18.85
3378-AJRAO,0.105709344,Low Risk,One year,24.85
6810-VCAEX,0.10557006,Low Risk,One year,39.65
1429-UYJSV,0.10514169,Low Risk,One year,19.7
6685-GBWJZ,0.10437924,Low Risk,One year,70.8
0670-ANMUU,0.104370765,Low Risk,One year,97.65
8821-KVZKQ,0.10280062,Low Risk,One year,58.4
6967-PEJLL,0.10049109,Low Risk,One year,40.2
7524-VRLPL,0.09897888,Low Risk,Two year,74.1
3521-HTQTV,0.09892038,Low Risk,Two year,26.1
2205-LPVGL,0.09778406,Low Risk,One year,89.85
3021-VLNRJ,0.09741712,Low Risk,One year,70.8
2088-IEBAU,0.09724118,Low Risk,Two year,88.15
7654-YWJUF,0.09693893,Low Risk,One year,84.25
5975-BAICR,0.09644529,Low Risk,One year,63.7
5297-MDOIR,0.09626527,Low Risk,One year,81.15
6870-ZWMNX,0.09495335,Low Risk,Two year,76.1
3926-YZVVX,0.0930827,Low Risk,One year,50.05
0628-CNQRM,0.092422895,Low Risk,One year,67.5
5821-MMEIL,0.0921077,Low Risk,Two year,19.9
2599-CIPQE,0.091684446,Low Risk,Two year,109.3
8050-XGRVL,0.090983555,Low Risk,One year,54.75
4464-JCOLN,0.089075744,Low Risk,One year,19.85
7338-ERIVA,0.087698184,Low Risk,One year,45.05
6754-WKSHP,0.08722168,Low Risk,One year,25.35
6061-GWWAV,0.08698635,Low Risk,One year,70.2
3372-CDXFJ,0.086954415,Low Risk,One year,24.5
2228-BZDEE,0.086477235,Low Risk,Two year,20.1
1272-ILHFG,0.085929535,Low Risk,One year,19.65
3174-AKMAS,0.08584672,Low Risk,Two year,64.2
3785-KTYSH,0.08501952,Low Risk,Two year,24.6
1345-ZUKID,0.08462597,Low Risk,One year,19.35
1179-INLAT,0.08446223,Low Risk,One year,19.45
8711-LOBKY,0.08438312,Low Risk,Two year,19.85
0040-HALCW,0.0840229,Low Risk,Two year,20.4
1043-UXOVO,0.08356754,Low Risk,Two year,113.15
8782-NUUOL,0.08282673,Low Risk,One year,79.0
5622-UEJFI,0.08184074,Low Risk,Two year,25.4
9046-JBFWA,0.0818382,Low Risk,Month-to-month,19.15
0221-NAUXK,0.081346296,Low Risk,One year,19.95
1090-ESELR,0.0811227,Low Risk,Two year,105.5
2418-TPEUN,0.07946615,Low Risk,Two year,19.8
6332-FBZRI,0.0785372,Low Risk,One year,69.35
5736-YEJAX,0.07781391,Low Risk,Two year,79.45
2673-ZALNP,0.0775657,Low Risk,One year,19.9
4032-RMHCI,0.076822355,Low Risk,One year,35.4
2606-PKWJB,0.076809324,Low Risk,One year,40.25
7359-WWYJV,0.07570279,Low Risk,Two year,114.45
2085-JVGAD,0.07526044,Low Risk,Month-to-month,20.35
0023-UYUPN,0.07507397,Low Risk,One year,25.2
7762-ONLJY,0.07398095,Low Risk,One year,19.7
2188-SXWVT,0.07395193,Low Risk,One year,55.0
2675-IJRGJ,0.073920354,Low Risk,Two year,19.65
4632-XJMEX,0.07303376,Low Risk,One year,62.85
9174-IHETN,0.07286411,Low Risk,Two year,70.35
8727-JQFHV,0.071816385,Low Risk,Two year,20.75
0813-TAXXS,0.07059099,Low Risk,Two year,77.8
2348-KCJLT,0.07019485,Low Risk,One year,61.5
0906-QVPMS,0.070091374,Low Risk,Two year,115.15
5696-JVVQY,0.069981076,Low Risk,Two year,70.1
0412-UCCNP,0.06908367,Low Risk,Two year,59.2
7157-SMCFK,0.06849452,Low Risk,Two year,19.75
0895-LNKRC,0.06844234,Low Risk,One year,19.45
8259-DZLIZ,0.068331845,Low Risk,One year,53.85
1074-WVEVG,0.06833157,Low Risk,One year,20.35
1657-DYMBM,0.06831981,Low Risk,Two year,19.9
9025-ZRPVR,0.06577351,Low Risk,Month-to-month,18.95
1929-ZCBHE,0.065217316,Low Risk,One year,40.3
2907-ILJBN,0.06519085,Low Risk,One year,20.6
5127-BZENZ,0.06497174,Low Risk,One year,65.2
9483-GCPWE,0.06347108,Low Risk,One year,20.1
0754-EEBDC,0.06298646,Low Risk,Two year,19.9
0383-CLDDA,0.06261374,Low Risk,Two year,85.35
6695-AMZUF,0.06257402,Low Risk,Two year,86.45
4701-LKOZD,0.06257402,Low Risk,Two year,89.75
7471-MQPOS,0.062560834,Low Risk,One year,72.9
8309-PPCED,0.062198,Low Risk,Two year,110.45
1139-WUOAH,0.06198865,Low Risk,Two year,53.35
6292-TOSSS,0.06178892,Low Risk,Two year,24.9
6924-TDGMT,0.06166173,Low Risk,One year,20.55
7009-PCARS,0.060878888,Low Risk,One year,19.1
2272-WUSPA,0.060574118,Low Risk,Two year,110.75
9194-GFVOI,0.060511153,Low Risk,Two year,84.35
9030-QGZNL,0.060426418,Low Risk,Two year,20.85
3244-CQPHU,0.06003131,Low Risk,Two year,110.1
4378-BZYFP,0.059147,Low Risk,One year,20.5
2324-AALNO,0.05894347,Low Risk,One year,24.55
6094-ZIVKX,0.05875534,Low Risk,One year,54.45
8277-RVRSV,0.05870204,Low Risk,One year,24.15
1069-QJOEE,0.058518283,Low Risk,One year,19.9
2282-YGNOR,0.05850194,Low Risk,One year,58.0
0866-QLSIR,0.05814733,Low Risk,One year,64.4
3556-BVQGL,0.057325356,Low Risk,One year,20.0
3125-RAHBV,0.05715343,Low Risk,One year,20.3
1303-SRDOK,0.05664036,Low Risk,Two year,69.05
9602-WCXPI,0.056602266,Low Risk,One year,20.15
3724-BSCVH,0.055824433,Low Risk,One year,20.45
0835-DUUIQ,0.05573759,Low Risk,One year,21.05
1952-DVVSW,0.055573747,Low Risk,One year,20.1
5312-TSZVC,0.055452593,Low Risk,One year,19.65
0191-EQUUH,0.055402912,Low Risk,Two year,35.05
4803-LBYPN,0.054751426,Low Risk,Month-to-month,20.8
1293-HHSHJ,0.054555766,Low Risk,One year,21.1
5847-MXBEO,0.05407657,Low Risk,One year,20.3
3546-GHEAE,0.05401936,Low Risk,Two year,19.45
4538-WNTMJ,0.053960852,Low Risk,One year,24.95
3705-PSNGL,0.053547833,Low Risk,One year,20.4
3891-NLXJB,0.053437196,Low Risk,Two year,40.55
7401-JIXNM,0.053085726,Low Risk,Two year,91.3
3778-FOAQW,0.052333917,Low Risk,One year,20.15
8430-TWCBX,0.05233238,Low Risk,One year,20.7
6199-IPCAO,0.05228449,Low Risk,Two year,26.1
6953-PBDIN,0.052094024,Low Risk,Two year,72.95
1915-OAKWD,0.05148699,Low Risk,One year,19.3
4648-YPBTM,0.051382706,Low Risk,Two year,73.9
9674-EHPPG,0.051221643,Low Risk,Two year,40.4
5313-FPXWG,0.050903037,Low Risk,One year,24.6
6295-OSINB,0.05021352,Low Risk,Two year,109.65
7244-KXYZN,0.050022647,Low Risk,One year,20.45
3594-BDSOA,0.04984937,Low Risk,One year,20.4
5982-PSMKW,0.04977141,Low Risk,Two year,91.1
5322-TEUJK,0.049474053,Low Risk,Two year,114.6
3298-QEICA,0.049436133,Low Risk,Two year,34.6
5126-RCXYW,0.049316306,Low Risk,Two year,46.0
5583-EJXRD,0.049210876,Low Risk,Two year,54.05
3933-DQPWX,0.048932556,Low Risk,Two year,39.7
4092-OFQZS,0.04855191,Low Risk,One year,20.65
9152-AMKAK,0.048509292,Low Risk,Two year,80.25
1757-TCATG,0.048365165,Low Risk,One year,20.05
2335-GSODA,0.048361894,Low Risk,Two year,40.1
8221-HVAYI,0.048207663,Low Risk,Two year,69.15
5702-KVQRD,0.048188597,Low Risk,Two year,82.55
1023-BQXZE,0.048022076,Low Risk,Two year,74.35
3398-GCPMU,0.04800343,Low Risk,Two year,89.55
5327-XOKKY,0.047912046,Low Risk,Two year,73.45
8194-PEEBY,0.047860034,Low Risk,One year,19.9
1534-OULXE,0.047495868,Low Risk,One year,49.7
1982-FEBTD,0.04723502,Low Risk,Two year,25.6
9073-ZZIAY,0.047216482,Low Risk,Two year,86.1
7975-JMZNT,0.04694201,Low Risk,Two year,91.7
9298-WGMRW,0.046569724,Low Risk,Two year,115.5
9867-XOBQA,0.046415307,Low Risk,Two year,53.15
2535-PBCGC,0.04571182,Low Risk,Two year,64.55
6518-KZXCB,0.045626156,Low Risk,Two year,25.25
7527-QNRUS,0.044859916,Low Risk,Two year,25.15
8314-HTWVE,0.0445986,Low Risk,Two year,19.85
9871-ELEYA,0.04445858,Low Risk,Two year,67.65
8908-SLFCJ,0.04427065,Low Risk,Two year,20.85
6248-BSHKG,0.04409626,Low Risk,One year,20.4
9968-FFVVH,0.044095345,Low Risk,One year,68.8
3967-KXAPS,0.04408371,Low Risk,Two year,92.3
9258-CNWAC,0.0440799,Low Risk,Two year,113.65
4709-LKHYG,0.04397133,Low Risk,One year,20.0
9348-ROUAI,0.043878224,Low Risk,Two year,90.3
6164-HAQTX,0.04380831,Low Risk,Two year,53.95
2995-YWTCD,0.04332572,Low Risk,Two year,24.9
9648-BCHKM,0.04332572,Low Risk,Two year,24.65
0902-RFHOF,0.043186486,Low Risk,One year,20.1
7037-MTYVW,0.04307911,Low Risk,Two year,85.4
6388-TABGU,0.04295566,Low Risk,One year,56.15
7569-NMZYQ,0.042686272,Low Risk,Two year,118.75
1223-UNPKS,0.04257744,Low Risk,Two year,20.05
6754-LZUKA,0.042270333,Low Risk,Two year,80.9
3831-YCPUO,0.04204091,Low Risk,Two year,109.5
4376-KFVRS,0.041755237,Low Risk,Two year,114.05
0307-BCOPK,0.04170429,Low Risk,One year,19.05
1776-SPBWV,0.04165093,Low Risk,One year,20.1
8722-PRFDV,0.041511565,Low Risk,Two year,77.55
1328-EUZHC,0.041423753,Low Risk,Two year,20.1
3108-PCCGG,0.041153103,Low Risk,Two year,84.45
0071-NDAFP,0.040756382,Low Risk,Two year,25.5
0853-TWRVK,0.04069666,Low Risk,Two year,105.6
5924-SNGKP,0.040681507,Low Risk,One year,20.25
7609-NRNCA,0.040422246,Low Risk,One year,19.55
9624-EGDEQ,0.040306278,Low Risk,Two year,19.8
6463-MVYRY,0.04025164,Low Risk,Two year,69.85
2263-SFSQZ,0.04000563,Low Risk,Two year,24.95
2676-SSLTO,0.03973385,Low Risk,Two year,66.15
1335-MXCSE,0.039724886,Low Risk,Two year,55.25
0556-FJEGU,0.03894659,Low Risk,Two year,70.1
5057-RKGLH,0.038825117,Low Risk,Two year,20.35
3769-MHZNV,0.038779836,Low Risk,Two year,20.1
0604-THJFP,0.038655754,Low Risk,Two year,75.95
5214-CHIWJ,0.038609497,Low Risk,One year,20.3
6248-TKCQV,0.038490262,Low Risk,Two year,80.6
5149-QYTTU,0.03830263,Low Risk,One year,95.15
2208-NKVVH,0.03828772,Low Risk,Two year,24.25
5968-HYJRZ,0.03828772,Low Risk,Two year,24.55
2829-HYVZP,0.038056996,Low Risk,One year,19.8
3227-WLKLI,0.037990734,Low Risk,Two year,91.55
2138-VFAPZ,0.037742697,Low Risk,Two year,19.7
1302-TPUBN,0.037718147,Low Risk,Two year,19.35
3889-VWBID,0.0375952,Low Risk,Two year,82.85
3620-EHIMZ,0.03750694,Low Risk,Two year,19.35
2150-OEGBV,0.03733501,Low Risk,One year,20.1
2040-XBAVJ,0.036904268,Low Risk,Two year,114.45
9359-JANWS,0.036592975,Low Risk,Two year,58.9
9646-NMHXE,0.03651879,Low Risk,Two year,19.65
0487-CRLZF,0.036249854,Low Risk,Two year,74.45
0513-RBGPE,0.035595205,Low Risk,Two year,62.8
5495-GPSRW,0.035545126,Low Risk,Two year,19.7
9548-LERKT,0.035525654,Low Risk,Two year,19.75
4785-FCIFB,0.03550005,Low Risk,Two year,24.4
9224-VTYID,0.035496786,Low Risk,Two year,90.5
2122-SZZZD,0.035062615,Low Risk,One year,19.5
3460-TJBWI,0.03495604,Low Risk,Two year,24.2
9470-YFUYI,0.03493882,Low Risk,One year,71.0
6848-HJTXY,0.034683175,Low Risk,Two year,19.45
5158-RIVOP,0.034611836,Low Risk,Two year,20.9
0301-KOBTQ,0.03414107,Low Risk,Two year,20.05
2987-BJXIK,0.03408707,Low Risk,Two year,84.7
4979-HPRFL,0.033906154,Low Risk,Two year,24.15
6698-OXETB,0.03346237,Low Risk,Two year,20.4
2068-WWXQZ,0.03329174,Low Risk,Two year,20.05
8966-KZXXA,0.033213224,Low Risk,Two year,25.1
3978-YNKDD,0.033183165,Low Risk,Two year,20.85
1047-RNXZV,0.033081718,Low Risk,Two year,19.55
4779-ZGICK,0.033054225,Low Risk,Two year,23.55
2817-LVCPP,0.03259755,Low Risk,Two year,19.4
0214-JHPFW,0.03257093,Low Risk,Two year,57.8
7579-KKLOE,0.03237471,Low Risk,Two year,91.25
8024-XNAFQ,0.03227719,Low Risk,Two year,107.4
1862-QRWPE,0.032263283,Low Risk,Two year,20.65
8915-NNTRC,0.032093275,Low Risk,Two year,107.7
0603-TPMIB,0.032048848,Low Risk,Two year,25.45
8957-THMOA,0.031950463,Low Risk,Two year,20.15
8413-YNHNV,0.031446684,Low Risk,Two year,90.65
4056-QHXHZ,0.031438623,Low Risk,Two year,107.45
7018-FPXHH,0.030714303,Low Risk,Two year,59.8
0936-NQLJU,0.03035032,Low Risk,Two year,20.65
7971-HLVXI,0.029877562,Low Risk,Two year,84.5
9127-FHJBZ,0.029756652,Low Risk,Two year,114.0
7205-BAIAD,0.029672323,Low Risk,Two year,20.6
5356-KZCKT,0.029579347,Low Risk,Two year,24.45
9227-YBAXE,0.02928201,Low Risk,Two year,82.5
0019-GFNTW,0.028947504,Low Risk,Two year,45.05
5915-ANOEI,0.02883158,Low Risk,Two year,79.15
7601-GNDYK,0.028751265,Low Risk,Two year,19.6
3161-ONRWK,0.028571574,Low Risk,One year,65.85
1270-XKUCC,0.028445901,Low Risk,Two year,19.7
1525-LNLOJ,0.028326599,Low Risk,Two year,63.3
3635-QQRQD,0.02824879,Low Risk,Two year,20.05
3133-PZNSR,0.028022867,Low Risk,Two year,97.75
0732-OCQOC,0.027844392,Low Risk,Two year,25.05
1972-XMUWV,0.027787397,Low Risk,Two year,59.8
5774-QPLTF,0.027710358,Low Risk,One year,20.35
1265-BCFEO,0.027668037,Low Risk,Two year,80.45
1716-LSAMB,0.027601985,Low Risk,Two year,54.65
4475-NVTLU,0.02740804,Low Risk,Two year,19.2
4973-MGTON,0.027383829,Low Risk,Two year,84.4
0436-TWFFZ,0.02729362,Low Risk,Two year,85.25
0121-SNYRK,0.027261602,Low Risk,One year,35.4
2252-NKNSI,0.027248386,Low Risk,Two year,85.15
2650-GYRYL,0.027094344,Low Risk,One year,19.45
6961-MJKBO,0.02708219,Low Risk,Two year,20.45
8922-NPKBJ,0.026832057,Low Risk,Two year,19.35
3796-ENZGF,0.026763655,Low Risk,Two year,67.25
6139-ZZRBQ,0.026694939,Low Risk,Two year,20.05
0016-QLJIS,0.026568012,Low Risk,Two year,90.45
1395-WSWXR,0.026316043,Low Risk,Two year,20.75
0969-RGKCU,0.025867954,Low Risk,One year,19.8
0506-YLVKJ,0.02564466,Low Risk,Two year,20.2
4674-HGNUA,0.025541324,Low Risk,Two year,89.9
8701-DGLVH,0.025359519,Low Risk,Two year,20.45
3400-ESFUW,0.024946295,Low Risk,Two year,57.55
5067-WJEUN,0.024793565,Low Risk,Two year,54.2
7242-EDTYC,0.024377113,Low Risk,Two year,19.55
4999-IEZLT,0.02427066,Low Risk,One year,29.45
6000-UKLWI,0.024006467,Low Risk,Two year,20.15
6723-CEGQI,0.02387828,Low Risk,Two year,45.25
5458-CQJTA,0.023797382,Low Risk,Two year,74.8
5176-OLSKT,0.02361451,Low Risk,Two year,66.9
9531-NSBMR,0.023386724,Low Risk,One year,19.25
0114-IGABW,0.023369035,Low Risk,Two year,58.25
5006-MXVRN,0.023272926,Low Risk,Two year,20.7
9251-AWQGT,0.02280251,Low Risk,Two year,20.0
6434-TTGJP,0.022549676,Low Risk,Two year,53.7
9489-JMTTN,0.022500388,Low Risk,Two year,89.75
3649-JPUGY,0.022153394,Low Risk,Two year,88.6
2925-VDZHY,0.021525217,Low Risk,Two year,88.7
1775-KWJKQ,0.021525217,Low Risk,Two year,89.85
8173-RXAYP,0.021443063,Low Risk,Two year,19.7
0230-UBYPQ,0.020558044,Low Risk,One year,36.1
0916-KNFAJ,0.02055035,Low Risk,Two year,69.9
5627-TVBPP,0.020365898,Low Risk,One year,20.1
3563-SVYLG,0.020325406,Low Risk,Two year,62.65
9975-GPKZU,0.020066855,Low Risk,Two year,19.75
2954-PIBKO,0.019978344,Low Risk,Two year,64.15
0281-CNTZX,0.019612178,Low Risk,Two year,19.95
8028-PNXHQ,0.019602906,Low Risk,Two year,24.25
7969-FFOWG,0.019391578,Low Risk,Two year,19.9
5730-DBDSI,0.0191992,Low Risk,Two year,19.7
8857-CUPFQ,0.018981092,Low Risk,Two year,19.25
8990-YOZLV,0.018884564,Low Risk,Two year,66.9
1265-ZFOSD,0.018665472,Low Risk,Two year,81.3
9795-SHUHB,0.018467104,Low Risk,Two year,58.2
5970-GHJAW,0.018367631,Low Risk,Two year,19.95
8181-YHCMF,0.018325405,Low Risk,Two year,60.3
7306-YDSOI,0.018195577,Low Risk,Two year,59.75
0336-KXKFK,0.018028788,Low Risk,Two year,61.2
7673-BQGKU,0.017977318,Low Risk,Two year,20.15
5148-ORICT,0.01788234,Low Risk,Two year,74.35
3884-UEBXB,0.017763602,Low Risk,Two year,36.15
1459-QNFQT,0.017745681,Low Risk,Two year,59.5
6997-UVGOX,0.017609306,Low Risk,Two year,85.45
0909-SELIE,0.017549815,Low Risk,Two year,80.8
0123-CRBRT,0.016928049,Low Risk,Two year,88.1
9297-EONCV,0.01669602,Low Risk,Two year,91.35
8626-PTQGE,0.016613217,Low Risk,Two year,60.05
6857-TKDJV,0.016041614,Low Risk,Two year,24.65
9823-EALYC,0.0157002,Low Risk,Two year,80.85
7073-QETQY,0.015353205,Low Risk,One year,20.35
4102-HLENU,0.015193636,Low Risk,Two year,65.65
2725-TTRIQ,0.015182867,Low Risk,Two year,84.2
2984-RGEYA,0.015043512,Low Risk,Two year,19.75
0613-WUXUM,0.015028688,Low Risk,Two year,19.2
4589-IUAJB,0.014855545,Low Risk,Two year,24.25
4077-HWUYD,0.014821446,Low Risk,Two year,87.55
4641-FROLU,0.014567772,Low Risk,Two year,19.3
9372-TXXPS,0.014525652,Low Risk,Two year,59.85
9945-PSVIP,0.014464667,Low Risk,Two year,18.7
1227-UDMZR,0.014387832,Low Risk,Two year,91.15
5980-BDHPY,0.014282531,Low Risk,Two year,87.1
1194-BHJYC,0.014245917,Low Risk,Two year,62.15
9286-BHDQG,0.013748255,Low Risk,Two year,45.25
7399-QHBJS,0.013555109,Low Risk,Two year,66.75
4742-TXUEX,0.013456147,Low Risk,Two year,19.3
1619-YWUBB,0.01322192,Low Risk,Two year,24.95
2696-RZVZW,0.013217479,Low Risk,Two year,25.05
8218-FFJDS,0.013148164,Low Risk,Two year,86.4
4817-KEQSP,0.013084774,Low Risk,Two year,19.85
8069-RHUXK,0.0130578065,Low Risk,Two year,35.7
6425-JWTDV,0.01275965,Low Risk,Two year,19.25
9953-ZMKSM,0.012378519,Low Risk,Two year,25.25
8042-RNLKO,0.012064158,Low Risk,One year,25.45
6345-FZOQH,0.011454113,Low Risk,Two year,19.9
8404-VIOMB,0.011035287,Low Risk,Two year,62.5
4086-WITJG,0.010843629,Low Risk,Two year,19.7
6060-QBMGV,0.010812796,Low Risk,Two year,19.85
6695-FRVEC,0.010354231,Low Risk,Two year,60.4
8224-KDLKN,0.010330273,Low Risk,Two year,25.0
3745-HRPHI,0.010262095,Low Risk,Two year,54.65
2718-YSKCS,0.01014752,Low Risk,Two year,19.6
9453-PATOS,0.010126306,Low Risk,Two year,85.1
4967-WPNCF,0.010020403,Low Risk,Two year,63.7
7473-ZBDSN,0.009626598,Low Risk,Two year,18.8
3612-YVGSJ,0.009323022,Low Risk,Two year,24.45
6823-SIDFQ,0.00897591,Low Risk,One year,18.25
7684-XSZIY,0.008955945,Low Risk,Two year,24.3
0825-CPPQH,0.008627796,Low Risk,Two year,19.1
7688-AWMDX,0.00843439,Low Risk,Two year,54.5
5360-XGYAZ,0.008081554,Low Risk,Two year,65.65
3996-ZNWYK,0.007961999,Low Risk,Two year,19.8
5472-CVMDX,0.007722834,Low Risk,Two year,38.9
7722-VJRQD,0.007620564,Low Risk,Two year,60.95
6980-IMXXE,0.007031061,Low Risk,Two year,20.2
0397-ZXWQF,0.006567089,Low Risk,Two year,20.5
5699-BNCAS,0.0064736395,Low Risk,Two year,24.65
5605-XNWEN,0.006369562,Low Risk,Two year,25.0
1166-PQLGG,0.006325507,Low Risk,Two year,19.55
9397-TZSHA,0.0061863638,Low Risk,Two year,24.6
7463-IFMQU,0.006022603,Low Risk,Two year,20.05
9337-SRRNI,0.0058423756,Low Risk,Two year,25.3
5743-KHMNA,0.0057973657,Low Risk,Two year,25.55
7695-PKLCZ,0.0056694564,Low Risk,Two year,20.5
8882-TLVRW,0.0053930297,Low Risk,Two year,39.1
1052-QJIBV,0.0053390125,Low Risk,Two year,19.9
7711-GQBZC,0.0052932184,Low Risk,Two year,24.7
9153-BTBVV,0.0052585197,Low Risk,Two year,25.0
3308-DGHKL,0.0050714333,Low Risk,Two year,19.3
4231-LZUYM,0.00479585,Low Risk,Two year,25.65
1926-QUZNN,0.00479585,Low Risk,Two year,25.25
7115-IRDHS,0.00479585,Low Risk,Two year,24.65
8092-NLTGF,0.004794225,Low Risk,Two year,24.75
2961-VNFKL,0.0043529687,Low Risk,Two year,25.95
4707-MAXGU,0.003968314,Low Risk,Two year,25.85
2509-TFPJU,0.003968314,Low Risk,Two year,25.75
0480-KYJVA,0.003749736,Low Risk,Two year,24.25
6285-FTQBF,0.0037484644,Low Risk,Two year,25.55
7606-BPHHN,0.0034798689,Low Risk,Two year,19.8
